" 461002a1 "	20
" 461002a2 "	11
" 461002a3 "	19
" 461002a5 "	26
" 461002a6 "	4
" 461002a8 "	3
" 461002a9 "	12
" 461002aa "	25
" 461002ac "	16
" 461002ad "	12
" 461002b0 "	20
" 461002b1 "	11
" 461002b3 "	19
" 461002b5 "	22
" 461002b9 "	18
" 461002ba "	17
" 461002bb "	20
" 461002bc "	9
" 461002d5 "	9
" 461002d7 "	12
" 461002d8 "	8
" 461002db "	14
" 461002e0 "	11
" 461002e2 "	4
" 461002e7 "	25
" 461002e8 "	1
" 461002eb "	20
" 461002ed "	2
" 461002fc "	16
" 461002fd "	12
" 461002ff "	9
" 46100300 "	3
" 46100301 "	8
" 46100304 "	9
" 46100305 "	6
" 46100306 "	20
" 46100307 "	6
" 46100308 "	14
" 46100309 "	5
" 4610030d "	12
" 4610030e "	5
" 4610030f "	26
" 46100311 "	2
" 46100315 "	11
" 46100317 "	2
" 46100319 "	6
" 4610031b "	24
" 4610031e "	10
" 4610031f "	7
" 46100320 "	27
" 46100321 "	5
" 46100322 "	15
" 46100323 "	19
" 46100324 "	12
" 46100325 "	4
" 46100327 "	14
" 46100329 "	6
" 4610032b "	4
" 4610032c "	6
" 4610032d "	6
" 46100330 "	4
" 46100332 "	9
" 46100333 "	14
" 46100337 "	16
" 46100338 "	12
" 4610033a "	12
" 4610033f "	8
" 46100342 "	6
" 46100343 "	12
" 46100344 "	14
" 46100345 "	12
" 46100347 "	4
" 4610034a "	3
" 4610034d "	11
" 4610034e "	6
" 4610034f "	3
" 46100350 "	16
" 46100351 "	9
" 46100353 "	4
" 46100355 "	10
" 46100356 "	11
" 4610035a "	13
" 4610035b "	3
" 4610035c "	15
" 4610035d "	25
" 4610035f "	15
" 46100361 "	7
" 46100363 "	12
" 46100364 "	2
" 46100365 "	20
" 46100366 "	24
" 46100367 "	17
" 46100368 "	10
" 46100369 "	6
" 4610036a "	10
" 4610036c "	19
" 4610036d "	2
" 4610036e "	18
" 4610036f "	12
" 46100371 "	5
" 46100373 "	6
" 46100374 "	1
" 46100376 "	15
" 46100377 "	15
" 4610037a "	18
" 4610037b "	12
" 4610037c "	8
" 4610037d "	9
" 4610037e "	21
" 4610037f "	27
" 46100380 "	9
" 46100382 "	6
" 46100383 "	17
" 46100385 "	14
" 46100386 "	4
" 46100388 "	5
" 4610038d "	21
" 46100390 "	20
" 46100393 "	17
" 46100394 "	14
" 46100396 "	7
" 46100397 "	6
" 46100398 "	3
" 46100399 "	13
" 461003a2 "	15
" 461003a7 "	15
" 461003ae "	12
" 461003af "	17
" 461003b0 "	16
" 461003b5 "	14
" 461003ba "	15
" 461003bb "	8
" 461003bc "	14
" 461003c6 "	18
" 461003c8 "	25
" 461003c9 "	9
" 461003cc "	16
" 461003cd "	9
" 461003cf "	8
" 461003d0 "	5
" 461003d1 "	2
" 461003d3 "	12
" 461003d5 "	7
" 461003d6 "	16
" 461003d7 "	6
" 461003d8 "	14
" 461003d9 "	14
" 461003dc "	18
" 461003dd "	11
" 461003de "	6
" 461003e1 "	4
" 461003e2 "	26
" 461003e4 "	2
" 461003e5 "	20
" 461003e9 "	13
" 461003eb "	16
" 461003ec "	21
" 461003f0 "	2
" 461003f4 "	14
" 461003f5 "	9
" 461003f6 "	4
" 461003f7 "	10
" 461003fe "	16
" 461003ff "	13
" 46100401 "	5
" 46100403 "	6
" 46100405 "	9
" 46100406 "	10
" 46100408 "	5
" 4610040b "	8
" 4610040c "	14
" 4610040d "	9
" 46100412 "	19
" 46100414 "	5
" 46100418 "	4
" 4610041b "	21
" 4610041d "	20
" 46100420 "	1
" 46100423 "	15
" 46100424 "	9
" 46100425 "	4
" 46100426 "	18
" 46100427 "	4
" 46100428 "	27
" 46100429 "	13
" 4610042a "	1
" 4610042d "	4
" 46100430 "	21
" 46100431 "	20
" 46100437 "	5
" 46100438 "	9
" 4610043a "	12
" 4610043b "	16
" 4610043e "	9
" 4610043f "	7
" 46100441 "	10
" 46100442 "	12
" 46100443 "	18
" 46100444 "	14
" 46100447 "	11
" 4610044c "	8
" 46100451 "	16
" 46100452 "	13
" 46100453 "	16
" 46100454 "	25
" 46100455 "	5
" 46100456 "	18
" 46100457 "	15
" 46100458 "	12
" 4610045b "	9
" 4610045c "	26
" 4610045d "	19
" 4610045f "	7
" 46100460 "	26
" 46100462 "	23
" 46100465 "	24
" 46100467 "	13
" 46100468 "	22
" 46100469 "	16
" 4610046a "	13
" 4610046d "	18
" 46100471 "	15
" 46100472 "	9
" 46100474 "	7
" 46100476 "	12
" 46100477 "	18
" 4610047a "	13
" 4610047b "	17
" 4610047e "	8
" 4610047f "	14
" 46100480 "	8
" 46100481 "	17
" 46100482 "	22
" 46100483 "	20
" 46100484 "	9
" 46100485 "	2
" 46100486 "	7
" 46100487 "	16
" 46100488 "	23
" 4610048c "	11
" 4610048d "	13
" 4610048e "	16
" 4610048f "	23
" 46100490 "	22
" 46100491 "	17
" 46100492 "	24
" 46100493 "	16
" 46100494 "	19
" 46101280 "	11
" 46101281 "	10
" 46101282 "	15
" 46101284 "	13
" 46101285 "	5
" 46101286 "	2
" 46101288 "	9
" 4610129a "	15
" 4610129c "	17
" 4610129d "	7
" 461012a1 "	15
" 461012a3 "	14
" 461012a4 "	11
" 461012a5 "	6
" 461012a6 "	17
" 461012a7 "	8
" 461012a8 "	14
" 461012a9 "	23
" 461012aa "	19
" 461012ab "	6
" 461012ac "	26
" 461012ad "	2
" 461012af "	22
" 461012b0 "	15
" 461012b1 "	26
" 461012b3 "	17
" 461012b4 "	19
" 461012b5 "	4
" 461012b6 "	13
" 461012b7 "	14
" 461012b8 "	4
" 461012b9 "	12
" 461012ba "	22
" 461012bb "	10
" 461012bd "	10
" 461012be "	1
" 461012c0 "	1
" 461012c2 "	19
" 461012c3 "	6
" 461012c4 "	14
" 461012c5 "	5
" 461012c6 "	1
" 461012c7 "	23
" 461012c8 "	12
" 461012c9 "	4
" 461012ca "	15
" 461012cb "	18
" 461012cc "	9
" 461012cd "	9
" 461012d0 "	11
" 461012d1 "	12
" 461012d3 "	10
" 461012d5 "	4
" 461012dc "	14
" 461012dd "	28
" 461012df "	6
" 461012e0 "	17
" 461012e1 "	17
" 461012ea "	16
" 461012eb "	9
" 461012ed "	10
" 461012ee "	6
" 461012ef "	17
" 461012f4 "	12
" 461012f5 "	5
" 461012f6 "	3
" 461012f7 "	11
" 461012f8 "	18
" 461012f9 "	12
" 461012fa "	10
" 461012fb "	15
" 461012fc "	26
" 461012fe "	7
" 461012ff "	14
" 46101300 "	3
" 46101301 "	3
" 46101304 "	8
" 46101305 "	18
" 46101306 "	16
" 46101307 "	14
" 46101308 "	18
" 46101309 "	10
" 4610130a "	10
" 4610130b "	10
" 4610130c "	14
" 4610130d "	14
" 46101310 "	1
" 46101311 "	11
" 46101312 "	15
" 46101313 "	7
" 46101314 "	11
" 46101315 "	24
" 46101316 "	16
" 46101317 "	23
" 46101319 "	12
" 4610131c "	5
" 4610131d "	4
" 4610131e "	2
" 4610131f "	5
" 46101320 "	19
" 46101322 "	22
" 46101323 "	9
" 46101324 "	14
" 46101325 "	16
" 46101326 "	7
" 46101327 "	26
" 46101329 "	3
" 4610132a "	22
" 4610132c "	21
" 4610132d "	1
" 4610132e "	19
" 4610132f "	20
" 46101330 "	25
" 46101332 "	1
" 46101334 "	17
" 46101335 "	18
" 46101336 "	6
" 46101339 "	14
" 4610133b "	12
" 4610133c "	1
" 46101341 "	2
" 46101342 "	2
" 46101346 "	6
" 46101348 "	4
" 4610134a "	1
" 4610134d "	25
" 4610134f "	23
" 46101350 "	24
" 46101351 "	16
" 46101352 "	4
" 46101353 "	25
" 46101356 "	8
" 46101357 "	18
" 46101359 "	14
" 4610135a "	6
" 4610135c "	9
" 4610135d "	7
" 4610135e "	14
" 4610135f "	21
" 46101364 "	22
" 46101365 "	25
" 46101366 "	1
" 46101367 "	4
" 46101369 "	17
" 4610136c "	13
" 46101370 "	5
" 46101371 "	7
" 46101373 "	10
" 46101377 "	15
" 46101771 "	17
" 46101773 "	16
" 46101774 "	23
" 46101776 "	20
" 46101777 "	16
" 4610177a "	2
" 4610177b "	7
" 4610177d "	19
" 46101780 "	14
" 46101781 "	15
" 46101784 "	2
" 46101785 "	3
" 46101789 "	13
" 4610178a "	17
" 4610178b "	1
" 4610178c "	5
" 4610178d "	8
" 4610178e "	13
" 4610178f "	10
" 46101790 "	13
" 46101793 "	13
" 46101795 "	6
" 46101797 "	14
" 46101798 "	13
" 4610179a "	15
" 4610179b "	17
" 4610179c "	13
" 4610179f "	9
" 461017a0 "	14
" 461017a1 "	22
" 461017a2 "	7
" 461017a3 "	18
" 461017a4 "	8
" 461017a5 "	22
" 461017a6 "	11
" 461017a7 "	11
" 461017a8 "	15
" 461017a9 "	5
" 461017ab "	10
" 461017ad "	11
" 461017af "	9
" 461017b0 "	23
" 461017b1 "	7
" 461017b2 "	3
" 461017b4 "	12
" 461017b5 "	10
" 461017b6 "	5
" 461017b7 "	16
" 461017b9 "	20
" 461017bc "	26
" 461017bd "	11
" 461017be "	12
" 461017bf "	18
" 461017c2 "	17
" 461017c4 "	9
" 461017c6 "	6
" 461017c8 "	4
" 461017c9 "	14
" 461017ca "	2
" 461017cb "	11
" 461017cc "	15
" 461017cd "	14
" 461017ce "	14
" 461017cf "	16
" 461017d0 "	14
" 461017d1 "	15
" 461017d2 "	12
" 461017d3 "	14
" 461017d5 "	13
" 461017d6 "	4
" 461017d7 "	23
" 461017d8 "	9
" 461017d9 "	18
" 461017da "	14
" 461017dc "	3
" 461017dd "	9
" 461017de "	4
" 461017df "	4
" 461017e0 "	22
" 461017e1 "	19
" 461017e2 "	6
" 461017e3 "	4
" 461017e4 "	6
" 461017e5 "	11
" 461017e6 "	6
" 461017e7 "	1
" 461017e8 "	19
" 461017e9 "	21
" 461017ea "	2
" 461017ec "	14
" 461017ed "	16
" 461017ee "	12
" 461017ef "	16
" 461017f0 "	12
" 461017f1 "	12
" 461017f2 "	12
" 461017f3 "	9
" 461017f4 "	1
" 461017f5 "	4
" 461017f6 "	20
" 461017f7 "	19
" 461017f8 "	13
" 461017f9 "	2
" 461017fa "	4
" 461017fb "	16
" 461017fc "	15
" 46100025 "	4
" 4610004e "	16
" 46100082 "	8
" 461000a0 "	21
" 461000ab "	11
" 461000b4 "	18
" 461000b5 "	2
" 461000b6 "	20
" 461000b7 "	11
" 461000b8 "	14
" 461000b9 "	24
" 461000ba "	18
" 461000bd "	22
" 461000be "	5
" 461000bf "	14
" 461000c0 "	4
" 461000c1 "	21
" 461000c3 "	28
" 461000c4 "	22
" 461000c6 "	4
" 461000c7 "	7
" 461000ce "	14
" 461000cf "	23
" 461000d6 "	19
" 461000d8 "	3
" 461000d9 "	17
" 461000dd "	11
" 461000de "	13
" 461000e0 "	9
" 461000e2 "	17
" 461000e3 "	10
" 461000e4 "	5
" 461000e6 "	15
" 461000e7 "	13
" 461000e9 "	26
" 461000ea "	17
" 461000eb "	12
" 461000ec "	21
" 461000ee "	15
" 461000f1 "	20
" 461000f6 "	12
" 461000f9 "	11
" 461000fb "	23
" 461000fe "	26
" 461000ff "	15
" 46100100 "	12
" 46100103 "	14
" 46100105 "	30
" 46100107 "	22
" 46100108 "	16
" 46100109 "	12
" 4610010c "	17
" 4610010f "	17
" 46100111 "	9
" 46100115 "	18
" 46100119 "	19
" 4610011d "	14
" 4610011f "	14
" 46100121 "	13
" 46100124 "	9
" 46100126 "	18
" 4610012a "	6
" 4610012c "	13
" 4610012d "	24
" 4610012e "	9
" 46100130 "	14
" 46100131 "	5
" 46100135 "	2
" 46100137 "	24
" 46100138 "	26
" 4610013b "	10
" 4610013d "	14
" 4610013f "	6
" 46100140 "	12
" 46100146 "	9
" 46100147 "	4
" 46100148 "	30
" 4610014a "	17
" 4610014b "	17
" 46100151 "	8
" 46100152 "	5
" 46100156 "	18
" 46100158 "	12
" 46100159 "	11
" 4610015a "	19
" 4610015b "	20
" 4610015e "	12
" 46100164 "	7
" 46100167 "	1
" 4610016c "	16
" 4610016d "	15
" 4610016e "	11
" 46100172 "	21
" 4610017b "	9
" 4610017c "	5
" 46100181 "	18
" 46100184 "	11
" 46100186 "	11
" 46100187 "	12
" 4610018e "	19
" 4610018f "	26
" 46100190 "	22
" 46100191 "	23
" 46100193 "	20
" 46100198 "	10
" 4610019f "	20
" 461001a1 "	16
" 461001a2 "	20
" 461001a3 "	6
" 461001a4 "	21
" 461001a6 "	11
" 461001aa "	22
" 461001ab "	21
" 461001ad "	28
" 461001ae "	7
" 461001af "	16
" 461001b0 "	17
" 461001b2 "	6
" 461001b3 "	20
" 461001b4 "	3
" 461001b5 "	2
" 461001b8 "	4
" 461001b9 "	5
" 461001ba "	17
" 461001bb "	18
" 461001bd "	10
" 461001be "	7
" 461001bf "	20
" 461001c0 "	9
" 461001c4 "	9
" 461001c6 "	2
" 461001c8 "	5
" 461001ca "	3
" 461001cb "	5
" 461001d0 "	16
" 461001d4 "	21
" 461001db "	11
" 461001df "	7
" 461001e2 "	3
" 461001e6 "	23
" 461001e8 "	8
" 461001eb "	14
" 461001ec "	21
" 461001f1 "	14
" 461001f2 "	23
" 461001f3 "	10
" 461001f5 "	21
" 461001fa "	12
" 461001ff "	9
" 46100200 "	4
" 46100202 "	7
" 46100204 "	22
" 46100205 "	12
" 46100206 "	19
" 46100207 "	10
" 46100209 "	9
" 4610020a "	15
" 4610020d "	16
" 4610020e "	21
" 46100210 "	14
" 46100214 "	8
" 46100217 "	4
" 46100218 "	21
" 4610021a "	17
" 4610021b "	20
" 4610021c "	10
" 4610021d "	18
" 46100221 "	17
" 46100222 "	4
" 46100223 "	4
" 46100224 "	6
" 46100226 "	16
" 46100227 "	15
" 46100229 "	22
" 4610022d "	8
" 4610022e "	7
" 46100231 "	6
" 46100232 "	6
" 46100235 "	17
" 46100236 "	5
" 46100239 "	7
" 4610023b "	15
" 4610023c "	12
" 4610023e "	11
" 46100243 "	6
" 46100246 "	7
" 46100248 "	22
" 4610024d "	19
" 46100253 "	14
" 46100254 "	7
" 46100259 "	13
" 4610025e "	4
" 46100260 "	17
" 46100261 "	20
" 46100262 "	27
" 46100263 "	23
" 46100264 "	6
" 46100265 "	16
" 46100269 "	23
" 4610026f "	15
" 46100270 "	15
" 46100271 "	16
" 46100275 "	24
" 46100277 "	9
" 46100279 "	19
" 4610027b "	17
" 4610027d "	15
" 4610027e "	8
" 46100280 "	7
" 46100281 "	6
" 46100283 "	8
" 46100286 "	22
" 46100289 "	12
" 4610028a "	16
" 4610028b "	7
" 4610028c "	1
" 4610028d "	14
" 4610028e "	8
" 46100290 "	24
" 46100293 "	15
" 4610029a "	15
" 4610029b "	14
" 4610029f "	14
" 461002a0 "	12
" 4610063f "	20
" 46100640 "	5
" 46100641 "	15
" 46100642 "	3
" 46100643 "	7
" 46100648 "	1
" 46100649 "	6
" 4610064e "	2
" 4610064f "	10
" 46100656 "	12
" 46100658 "	17
" 46100659 "	12
" 4610065c "	7
" 4610065d "	22
" 4610065f "	6
" 46100660 "	22
" 46100667 "	3
" 4610066a "	6
" 4610066c "	6
" 4610066d "	17
" 46100671 "	11
" 46100673 "	10
" 46100674 "	5
" 46100675 "	12
" 46100676 "	13
" 46100678 "	21
" 46100679 "	13
" 4610067a "	22
" 4610067b "	19
" 4610067d "	11
" 4610067f "	13
" 46100684 "	15
" 46100685 "	21
" 46100688 "	5
" 4610068b "	10
" 4610068c "	20
" 4610068d "	15
" 4610068e "	21
" 4610068f "	19
" 46100691 "	16
" 46100693 "	6
" 46100695 "	23
" 46100696 "	2
" 46100699 "	5
" 4610069b "	14
" 4610069d "	17
" 4610069e "	21
" 461006a0 "	28
" 461006a2 "	15
" 461006a6 "	7
" 461006a7 "	17
" 461006a8 "	15
" 461006aa "	9
" 461006ac "	10
" 461006ad "	1
" 461006ae "	12
" 461006af "	1
" 461006b1 "	2
" 461006b2 "	14
" 461006b3 "	18
" 461006b5 "	17
" 461006b6 "	15
" 461006ba "	7
" 461006bb "	12
" 461006bf "	2
" 461006c0 "	1
" 461006c2 "	15
" 461006c3 "	14
" 461006c4 "	5
" 461006c9 "	21
" 461006cb "	18
" 461006cc "	29
" 461006cd "	13
" 461006cf "	25
" 461006d1 "	18
" 461006d2 "	10
" 461006d3 "	24
" 461006d7 "	27
" 461006da "	22
" 461006db "	18
" 461006dd "	16
" 461006e2 "	17
" 461006e3 "	9
" 461006e4 "	17
" 461006e5 "	17
" 461006ea "	20
" 461006eb "	9
" 461006ed "	10
" 461006ee "	22
" 461006ef "	3
" 461006f0 "	10
" 461006f1 "	18
" 461006f3 "	10
" 461006f4 "	15
" 461006f5 "	14
" 461006f7 "	7
" 461006fa "	8
" 461006fc "	6
" 461006fd "	3
" 46100700 "	21
" 46100702 "	13
" 46100704 "	18
" 46100706 "	20
" 46100707 "	16
" 46100708 "	9
" 4610070a "	24
" 4610070b "	26
" 4610070d "	4
" 4610070e "	22
" 4610070f "	17
" 46100711 "	18
" 46100715 "	6
" 46100716 "	9
" 46100717 "	6
" 4610071c "	1
" 46100720 "	16
" 46100721 "	9
" 46100722 "	24
" 46100724 "	22
" 46100725 "	24
" 46100726 "	20
" 46100728 "	15
" 4610072b "	18
" 4610072d "	11
" 4610072f "	5
" 46100731 "	10
" 46100732 "	17
" 46100733 "	11
" 46100734 "	14
" 46100737 "	9
" 46100738 "	20
" 4610073b "	17
" 4610073c "	17
" 4610073d "	23
" 4610073f "	7
" 46100740 "	16
" 46100744 "	9
" 46100746 "	8
" 46100747 "	21
" 46100748 "	17
" 46100749 "	17
" 4610074a "	9
" 4610074c "	9
" 4610074f "	12
" 46100750 "	7
" 46100751 "	12
" 46100752 "	25
" 46100753 "	16
" 46100754 "	7
" 46100757 "	14
" 46100759 "	7
" 4610075b "	10
" 4610075c "	16
" 4610075e "	18
" 4610075f "	12
" 46100760 "	10
" 46100761 "	11
" 46100762 "	7
" 46100764 "	26
" 46100765 "	17
" 46100766 "	21
" 46100768 "	9
" 4610076a "	19
" 4610076b "	23
" 4610076d "	18
" 46100770 "	6
" 46100773 "	3
" 46100774 "	23
" 46100775 "	11
" 46100776 "	3
" 46100777 "	4
" 46100778 "	21
" 46100779 "	14
" 4610077a "	13
" 4610077b "	2
" 4610077c "	12
" 4610077e "	15
" 4610077f "	12
" 46100780 "	11
" 46100781 "	19
" 46100783 "	26
" 46100785 "	4
" 46100786 "	13
" 46100787 "	22
" 4610078c "	7
" 4610078d "	14
" 4610078e "	14
" 4610078f "	23
" 46100793 "	9
" 46100797 "	14
" 46100799 "	14
" 4610079d "	22
" 4610079f "	13
" 461007a2 "	11
" 461007a6 "	8
" 461007a7 "	12
" 461007ac "	13
" 461007ae "	9
" 461007bd "	7
" 461007c6 "	18
" 461007c8 "	7
" 461007cc "	21
" 461007d1 "	16
" 461007d5 "	18
" 461007dc "	12
" 461007dd "	14
" 461007de "	1
" 461007df "	1
" 461007e0 "	8
" 461007e1 "	4
" 461007e2 "	1
" 461007e3 "	21
" 461007e4 "	3
" 461007e7 "	5
" 461007e9 "	22
" 461007eb "	12
" 461007ef "	3
" 461007f5 "	17
" 461007fb "	5
" 461007fe "	21
" 461007ff "	4
" 46100805 "	5
" 46100809 "	20
" 4610080a "	14
" 4610080b "	3
" 46100817 "	20
" 46100818 "	10
" 46100819 "	13
" 4610081a "	8
" 4610081d "	15
" 4610081f "	7
" 46100820 "	10
" 46100821 "	7
" 46100822 "	18
" 46100824 "	3
" 4610082b "	13
" 4610082d "	8
" 4610082e "	17
" 46100830 "	25
" 46100831 "	14
" 46100832 "	14
" 46100899 "	10
" 461008a5 "	18
" 461008a6 "	12
" 461008a9 "	22
" 461008ac "	14
" 461008ad "	17
" 46100fa2 "	19
" 46100fa3 "	5
" 46100fa5 "	5
" 46100fa6 "	14
" 46100fa7 "	8
" 46100fa8 "	15
" 46100faa "	4
" 46100fab "	4
" 46100fad "	4
" 46100fae "	10
" 46100faf "	3
" 46100fb0 "	9
" 46100fb1 "	12
" 46100fb2 "	7
" 46100fb3 "	1
" 46100fb4 "	11
" 46100fb7 "	7
" 46100fbc "	9
" 46100fbd "	4
" 46100fbe "	13
" 46100fbf "	13
" 46100fc0 "	1
" 46100fc2 "	4
" 46100fc3 "	10
" 46100fc4 "	2
" 46100fc5 "	4
" 46100fc6 "	3
" 46100fca "	14
" 46100fcb "	7
" 46100fcc "	7
" 46100fcd "	3
" 46100fce "	12
" 46100fd0 "	12
" 46100fd3 "	4
" 46100fd4 "	21
" 46100fd5 "	3
" 46100fd6 "	15
" 46100fd8 "	18
" 46100fdc "	3
" 46100fdd "	9
" 46100fde "	17
" 46100fe3 "	8
" 46100fe4 "	11
" 46100fe8 "	17
" 46100fea "	1
" 46100feb "	5
" 46100fec "	10
" 46100fef "	10
" 46100ff1 "	12
" 46100ff3 "	8
" 46100ff5 "	17
" 46100ff7 "	14
" 46100ff8 "	7
" 46100ff9 "	3
" 46100ffa "	23
" 46100ffb "	28
" 46100ffc "	11
" 46100ffe "	12
" 46100fff "	10
" 46101000 "	10
" 46101003 "	14
" 46101004 "	15
" 46101005 "	23
" 4610100a "	13
" 4610100b "	13
" 4610100e "	7
" 4610100f "	19
" 46101013 "	11
" 46101014 "	2
" 46101015 "	20
" 46101016 "	12
" 46101017 "	6
" 46101018 "	8
" 46101019 "	16
" 4610101a "	9
" 4610101c "	1
" 4610101e "	11
" 46101021 "	17
" 46101022 "	16
" 46101024 "	9
" 46101025 "	17
" 46101026 "	23
" 46101028 "	22
" 4610102b "	16
" 4610102c "	6
" 4610102d "	19
" 4610102e "	10
" 4610102f "	7
" 46101030 "	13
" 46101031 "	14
" 46101032 "	19
" 46101033 "	6
" 46101034 "	16
" 46101035 "	27
" 46101038 "	16
" 46101039 "	18
" 4610103a "	23
" 4610103b "	19
" 4610103d "	3
" 4610103f "	3
" 46101040 "	10
" 46101043 "	1
" 46101045 "	14
" 46101048 "	9
" 4610104e "	20
" 4610104f "	7
" 46101050 "	21
" 46101054 "	13
" 46101055 "	8
" 46101056 "	2
" 46101059 "	19
" 4610105d "	4
" 46101061 "	7
" 46101065 "	21
" 46101066 "	13
" 46101068 "	18
" 46101069 "	11
" 4610106a "	11
" 4610106b "	16
" 4610106c "	16
" 4610106e "	17
" 46101070 "	4
" 46101071 "	9
" 46101077 "	19
" 46101079 "	10
" 4610107a "	8
" 4610107b "	1
" 4610107e "	3
" 46101080 "	14
" 46101082 "	20
" 46101083 "	6
" 46101084 "	19
" 46101085 "	3
" 46101086 "	20
" 46101088 "	5
" 46101089 "	16
" 4610108b "	10
" 4610108c "	4
" 4610108d "	11
" 46101090 "	13
" 46101091 "	4
" 46101092 "	8
" 46101096 "	23
" 46101097 "	9
" 46101099 "	19
" 4610109a "	13
" 4610109b "	24
" 4610109c "	10
" 4610109f "	14
" 461010a1 "	9
" 461010a2 "	8
" 461010a3 "	5
" 461010a5 "	15
" 461010a6 "	17
" 461010a7 "	4
" 461010a8 "	17
" 461010aa "	11
" 461010ab "	11
" 461010ac "	16
" 461010ae "	10
" 461010b0 "	12
" 461010b1 "	16
" 461010b2 "	16
" 461010b3 "	22
" 461010b5 "	6
" 461010b7 "	27
" 461010b9 "	8
" 461010ba "	13
" 461010bb "	28
" 461010bc "	7
" 461010bd "	14
" 461010be "	8
" 461010c0 "	24
" 461010c1 "	11
" 461010c2 "	18
" 461010c3 "	17
" 461010c4 "	6
" 461010c5 "	1
" 461010c6 "	11
" 461010c8 "	19
" 461010c9 "	8
" 461010ca "	12
" 461010cb "	10
" 461010cc "	9
" 461010cd "	15
" 461010ce "	14
" 461010d0 "	4
" 461010d1 "	16
" 461010d2 "	18
" 461010d3 "	22
" 461010d4 "	5
" 461010d5 "	13
" 461010d6 "	7
" 461010d8 "	16
" 461010d9 "	25
" 461010da "	19
" 461010dc "	20
" 461010dd "	10
" 461010de "	23
" 461010df "	29
" 461010e0 "	3
" 461010e2 "	16
" 461010e7 "	10
" 461010e8 "	14
" 461010ed "	1
" 461010ee "	11
" 461010ef "	3
" 461010f2 "	17
" 461010f5 "	10
" 461010f6 "	10
" 461010f9 "	15
" 461010fb "	12
" 461010ff "	14
" 46101101 "	21
" 46101103 "	14
" 46101105 "	8
" 46101107 "	8
" 46101108 "	1
" 46101109 "	12
" 4610110a "	11
" 4610110b "	1
" 4610110c "	14
" 4610110d "	13
" 4610110e "	7
" 4610110f "	11
" 46101110 "	10
" 46101111 "	12
" 46101112 "	15
" 46101113 "	11
" 46101114 "	16
" 46101115 "	19
" 46101117 "	8
" 46101118 "	8
" 4610111c "	3
" 4610111d "	17
" 4610111e "	10
" 46101121 "	23
" 46101122 "	22
" 46101125 "	14
" 46101126 "	15
" 46101127 "	9
" 46101129 "	9
" 4610112b "	16
" 4610112c "	18
" 46100495 "	10
" 46100497 "	10
" 46100498 "	24
" 46100499 "	20
" 4610049a "	6
" 4610049b "	13
" 4610049d "	17
" 4610049e "	4
" 461004a0 "	13
" 461004a1 "	17
" 461004a2 "	13
" 461004a3 "	21
" 461004a4 "	25
" 461004a6 "	21
" 461004a7 "	14
" 461004a8 "	9
" 461004a9 "	10
" 461004ac "	9
" 461004b1 "	8
" 461004b3 "	11
" 461004b4 "	4
" 461004b5 "	10
" 461004b7 "	10
" 461004b8 "	7
" 461004ba "	5
" 461004bb "	27
" 461004bc "	25
" 461004bf "	13
" 461004c0 "	12
" 461004c1 "	19
" 461004c2 "	15
" 461004c4 "	13
" 461004c5 "	21
" 461004c6 "	30
" 461004c7 "	10
" 461004c9 "	13
" 461004cb "	1
" 461004cc "	23
" 461004cf "	17
" 461004d2 "	5
" 461004d3 "	1
" 461004d4 "	4
" 461004d7 "	16
" 461004d9 "	6
" 461004dc "	17
" 461004dd "	19
" 461004de "	9
" 461004e1 "	23
" 461004e2 "	4
" 461004e3 "	21
" 461004e5 "	12
" 461004ea "	10
" 461004eb "	21
" 461004ec "	20
" 461004ed "	20
" 461004ee "	14
" 461004f1 "	28
" 461004f2 "	7
" 461004f3 "	12
" 461004f4 "	9
" 461004f6 "	2
" 461004f8 "	20
" 461004fb "	16
" 461004fe "	15
" 461004ff "	5
" 46100502 "	8
" 46100503 "	13
" 46100504 "	21
" 46100506 "	9
" 46100507 "	9
" 46100508 "	29
" 46100509 "	13
" 4610050a "	21
" 4610050c "	13
" 4610050d "	7
" 4610050e "	17
" 46100514 "	8
" 46100516 "	12
" 46100519 "	24
" 4610051a "	12
" 4610051c "	13
" 4610051d "	14
" 46100520 "	12
" 46100523 "	8
" 46100524 "	1
" 46100525 "	13
" 46100528 "	15
" 4610052a "	8
" 4610052e "	1
" 4610052f "	14
" 46100534 "	19
" 46100535 "	13
" 46100536 "	7
" 46100537 "	8
" 46100538 "	10
" 4610053c "	2
" 4610053e "	9
" 4610053f "	21
" 46100542 "	15
" 46100544 "	21
" 46100545 "	14
" 46100548 "	21
" 4610054b "	18
" 4610054c "	17
" 4610054d "	18
" 4610054e "	21
" 46100551 "	9
" 46100552 "	19
" 46100553 "	13
" 46100554 "	12
" 46100556 "	10
" 46100557 "	11
" 46100559 "	13
" 4610055d "	13
" 4610055e "	15
" 4610055f "	27
" 46100560 "	12
" 46100562 "	1
" 46100567 "	24
" 4610056f "	14
" 46100571 "	15
" 46100572 "	23
" 46100573 "	19
" 46100574 "	12
" 46100575 "	7
" 46100577 "	20
" 46100578 "	17
" 4610057a "	15
" 4610057b "	14
" 4610057d "	7
" 4610057f "	17
" 46100582 "	20
" 46100589 "	15
" 4610058a "	14
" 4610058b "	5
" 4610058e "	12
" 4610058f "	17
" 46100590 "	30
" 46100591 "	16
" 46100592 "	7
" 46100593 "	22
" 46100595 "	30
" 46100596 "	20
" 46100599 "	12
" 4610059a "	15
" 4610059c "	21
" 4610059e "	21
" 4610059f "	23
" 461005a0 "	17
" 461005a1 "	1
" 461005a2 "	21
" 461005a3 "	12
" 461005a5 "	10
" 461005a6 "	5
" 461005a7 "	12
" 461005a8 "	12
" 461005ac "	4
" 461005af "	16
" 461005b0 "	1
" 461005b3 "	7
" 461005b7 "	17
" 461005b9 "	12
" 461005ba "	4
" 461005bc "	11
" 461005be "	18
" 461005c1 "	11
" 461005c4 "	24
" 461005c5 "	16
" 461005c6 "	16
" 461005c7 "	9
" 461005cb "	12
" 461005d2 "	16
" 461005d5 "	1
" 461005d6 "	21
" 461005d7 "	33
" 461005d8 "	12
" 461005da "	20
" 461005db "	9
" 461005dc "	17
" 461005de "	6
" 461005df "	10
" 461005e1 "	13
" 461005e4 "	15
" 461005e5 "	20
" 461005e8 "	24
" 461005e9 "	7
" 461005ea "	16
" 461005ec "	8
" 461005ed "	15
" 461005f0 "	9
" 461005f1 "	13
" 461005f2 "	22
" 461005f7 "	16
" 461005fa "	15
" 461005fb "	17
" 461005fd "	9
" 461005fe "	5
" 461005ff "	12
" 46100600 "	15
" 46100602 "	10
" 46100603 "	13
" 46100605 "	3
" 46100606 "	2
" 4610060a "	19
" 4610060b "	16
" 4610060e "	3
" 4610060f "	4
" 46100610 "	8
" 46100611 "	18
" 46100612 "	3
" 46100614 "	23
" 46100615 "	16
" 46100616 "	8
" 46100617 "	4
" 46100618 "	15
" 46100619 "	22
" 4610061b "	16
" 4610061c "	4
" 46100621 "	14
" 46100622 "	4
" 46100623 "	5
" 4610062d "	8
" 4610062e "	7
" 4610062f "	3
" 46100633 "	5
" 46100634 "	16
" 46100635 "	17
" 46100637 "	7
" 4610063b "	7
" 4610112e "	10
" 4610112f "	4
" 46101130 "	8
" 46101132 "	6
" 46101133 "	25
" 46101134 "	28
" 46101135 "	20
" 46101136 "	17
" 46101137 "	17
" 4610113a "	7
" 4610113b "	10
" 4610113e "	13
" 46101140 "	9
" 46101142 "	22
" 46101143 "	22
" 46101149 "	3
" 4610114a "	6
" 4610114c "	23
" 4610114d "	17
" 4610114e "	3
" 4610114f "	4
" 46101151 "	4
" 46101152 "	14
" 46101154 "	25
" 46101155 "	12
" 46101156 "	16
" 46101157 "	9
" 4610115a "	12
" 4610115c "	10
" 4610115e "	15
" 4610115f "	6
" 46101160 "	2
" 46101162 "	6
" 46101163 "	17
" 46101164 "	25
" 46101165 "	14
" 46101166 "	19
" 46101167 "	12
" 4610116a "	14
" 4610116d "	10
" 4610116e "	21
" 4610116f "	10
" 46101170 "	7
" 46101171 "	19
" 46101173 "	13
" 46101175 "	16
" 46101176 "	15
" 46101178 "	16
" 46101179 "	11
" 4610117a "	9
" 4610117b "	11
" 4610117c "	3
" 4610117d "	14
" 4610117e "	2
" 4610117f "	10
" 46101180 "	18
" 46101181 "	11
" 46101183 "	14
" 46101185 "	6
" 46101188 "	18
" 46101189 "	1
" 4610118a "	21
" 4610118b "	19
" 4610118c "	22
" 4610118d "	14
" 4610118e "	17
" 4610118f "	10
" 46101190 "	6
" 46101191 "	14
" 46101192 "	14
" 46101193 "	6
" 46101195 "	4
" 46101196 "	7
" 46101197 "	7
" 46101198 "	10
" 4610119a "	6
" 4610119d "	16
" 4610119e "	18
" 4610119f "	25
" 461011a0 "	9
" 461011a1 "	6
" 461011a3 "	6
" 461011a4 "	22
" 461011a5 "	19
" 461011a6 "	20
" 461011a7 "	6
" 461011a8 "	18
" 461011aa "	11
" 461011ab "	30
" 461011ac "	7
" 461011ad "	5
" 461011ae "	7
" 461011af "	20
" 461011b0 "	13
" 461011b1 "	18
" 461011b2 "	8
" 461011b3 "	7
" 461011b4 "	8
" 461011b6 "	2
" 461011b7 "	1
" 461011b8 "	12
" 461011b9 "	21
" 461011ba "	9
" 461011bb "	19
" 461011bc "	8
" 461011bd "	8
" 461011be "	4
" 461011c1 "	16
" 461011c3 "	16
" 461011c4 "	7
" 461011c5 "	9
" 461011c8 "	10
" 461011c9 "	4
" 461011cb "	20
" 461011cf "	16
" 461011d0 "	15
" 461011d1 "	4
" 461011d2 "	21
" 461011d3 "	7
" 461011d4 "	9
" 461011d5 "	4
" 461011d8 "	7
" 461011dd "	14
" 461011de "	15
" 461011df "	11
" 461011e0 "	6
" 461011e1 "	24
" 461011e2 "	9
" 461011e4 "	8
" 461011e5 "	6
" 461011e6 "	5
" 461011e7 "	6
" 461011e8 "	18
" 461011ea "	15
" 461011ed "	3
" 461011ef "	3
" 461011f0 "	17
" 461011f1 "	6
" 461011f2 "	22
" 461011f3 "	5
" 461011f4 "	17
" 461011f6 "	21
" 461011f7 "	22
" 461011fa "	11
" 461011fb "	2
" 461011fc "	14
" 461011fd "	3
" 461011fe "	6
" 461011ff "	3
" 46101201 "	25
" 46101203 "	3
" 46101204 "	7
" 46101206 "	22
" 46101207 "	15
" 46101208 "	16
" 46101209 "	22
" 4610120a "	14
" 4610120b "	6
" 4610120c "	9
" 4610120d "	28
" 4610120e "	4
" 4610120f "	14
" 46101211 "	6
" 46101213 "	10
" 46101215 "	6
" 46101216 "	14
" 46101217 "	20
" 46101218 "	16
" 4610121a "	6
" 4610121b "	12
" 4610121d "	6
" 4610121e "	15
" 46101220 "	3
" 46101222 "	3
" 46101223 "	8
" 46101224 "	4
" 46101226 "	5
" 46101227 "	12
" 46101228 "	22
" 46101229 "	5
" 4610122a "	20
" 4610122b "	11
" 4610122c "	8
" 4610122d "	10
" 4610122f "	13
" 46101230 "	11
" 46101231 "	16
" 46101232 "	12
" 46101233 "	7
" 46101234 "	6
" 46101235 "	9
" 46101236 "	6
" 46101237 "	6
" 46101238 "	12
" 46101239 "	5
" 4610123a "	10
" 4610123b "	15
" 4610123c "	3
" 4610123e "	6
" 4610123f "	8
" 46101240 "	16
" 46101241 "	10
" 46101242 "	6
" 46101243 "	7
" 46101244 "	4
" 46101245 "	7
" 46101246 "	20
" 46101247 "	17
" 46101248 "	22
" 46101249 "	5
" 4610124a "	3
" 4610124b "	6
" 4610124c "	9
" 4610124d "	14
" 4610124e "	26
" 4610124f "	8
" 46101251 "	23
" 46101252 "	6
" 46101254 "	11
" 46101256 "	16
" 46101257 "	23
" 46101258 "	23
" 46101259 "	16
" 4610125a "	23
" 4610125c "	18
" 4610125f "	18
" 46101260 "	11
" 46101261 "	22
" 46101262 "	21
" 46101263 "	8
" 46101265 "	5
" 46101266 "	20
" 46101267 "	24
" 46101268 "	6
" 46101269 "	8
" 4610126a "	14
" 4610126b "	18
" 4610126c "	18
" 4610126d "	1
" 4610126e "	19
" 4610126f "	15
" 46101271 "	11
" 46101273 "	2
" 46101274 "	19
" 46101275 "	3
" 46101276 "	18
" 46101277 "	8
" 46101278 "	8
" 46101279 "	23
" 4610127a "	18
" 4610127b "	25
" 4610127c "	15
" 4610127d "	7
" 4610127e "	22
" 461017fd "	24
" 461017fe "	4
" 46101801 "	14
" 46101802 "	8
" 46101803 "	13
" 46101804 "	4
" 46101805 "	8
" 46101806 "	6
" 46101807 "	12
" 46101808 "	16
" 46101809 "	22
" 4610180a "	17
" 4610180b "	10
" 4610180f "	8
" 46101810 "	5
" 46101811 "	11
" 46101812 "	2
" 46101813 "	8
" 46101814 "	5
" 46101815 "	18
" 46101816 "	12
" 46101817 "	8
" 46101818 "	14
" 46101819 "	6
" 4610181a "	16
" 4610181b "	8
" 4610181c "	7
" 4610181d "	14
" 4610181e "	10
" 4610181f "	21
" 46101820 "	7
" 46101821 "	16
" 46101823 "	21
" 46101824 "	14
" 46101825 "	4
" 46101826 "	12
" 46101827 "	11
" 46101828 "	10
" 46101829 "	8
" 4610182a "	17
" 4610182b "	14
" 4610182c "	20
" 4610182d "	7
" 4610182e "	8
" 4610182f "	12
" 46101830 "	7
" 46101831 "	11
" 46101832 "	1
" 46101833 "	11
" 46101834 "	16
" 46101835 "	4
" 46101836 "	10
" 46101837 "	11
" 46101838 "	22
" 46101839 "	5
" 4610183a "	18
" 4610183d "	17
" 4610183e "	19
" 46101840 "	12
" 46101842 "	3
" 46101843 "	17
" 46101844 "	3
" 46101845 "	15
" 46101846 "	4
" 46101847 "	11
" 46101848 "	14
" 4610184a "	21
" 4610184b "	1
" 4610184e "	2
" 4610184f "	6
" 46101853 "	4
" 46101854 "	1
" 46101856 "	2
" 46101857 "	4
" 4610185a "	3
" 4610185c "	13
" 4610185d "	19
" 4610185e "	14
" 46101862 "	7
" 46101863 "	8
" 46101864 "	19
" 46101867 "	7
" 46101868 "	3
" 46101869 "	8
" 4610186a "	17
" 4610186b "	5
" 4610186d "	21
" 46101876 "	6
" 46101879 "	3
" 4610187e "	5
" 46101884 "	5
" 46101885 "	2
" 46101888 "	2
" 46101889 "	6
" 4610188d "	3
" 4610188e "	10
" 46101890 "	16
" 46101892 "	10
" 46101894 "	3
" 46101895 "	9
" 46101896 "	9
" 46101897 "	2
" 46101898 "	9
" 46101899 "	7
" 4610189a "	22
" 4610189d "	10
" 461018a0 "	29
" 461018a1 "	20
" 461018a2 "	6
" 461018a4 "	14
" 461018a5 "	12
" 461018a6 "	12
" 461018a7 "	15
" 461018a8 "	16
" 461018aa "	21
" 461018b2 "	14
" 461018b4 "	28
" 461018b6 "	10
" 461018b7 "	22
" 461018b8 "	24
" 461018ba "	7
" 461018bb "	22
" 461018bf "	13
" 461018c1 "	4
" 461018c2 "	11
" 461018c3 "	14
" 461018c6 "	18
" 461018c8 "	2
" 461018ca "	17
" 461018cc "	19
" 461018cd "	22
" 461018ce "	14
" 461018cf "	4
" 461018d0 "	10
" 461018d1 "	19
" 461018d4 "	17
" 461018d6 "	11
" 461018d7 "	11
" 461018d9 "	17
" 461018da "	13
" 461018db "	14
" 461018dc "	2
" 461018dd "	10
" 461018de "	10
" 461018df "	18
" 461018e1 "	19
" 461018e2 "	8
" 461018e4 "	13
" 461018e5 "	2
" 461018e6 "	11
" 461018e7 "	6
" 461018eb "	12
" 461018ef "	20
" 461018f0 "	4
" 461018f6 "	7
" 461018f8 "	23
" 461018fa "	3
" 461018fb "	23
" 461018fd "	17
" 46101901 "	3
" 46101902 "	2
" 46101904 "	17
" 46101905 "	9
" 46101906 "	7
" 46101907 "	19
" 46101908 "	2
" 4610190a "	26
" 4610190c "	7
" 46101910 "	10
" 46101911 "	2
" 46101912 "	24
" 46101915 "	19
" 46101917 "	8
" 4610191b "	11
" 4610191d "	16
" 4610191f "	7
" 46101921 "	14
" 46101922 "	16
" 46101923 "	13
" 46101924 "	14
" 46101925 "	12
" 46101928 "	23
" 4610192a "	1
" 4610192b "	13
" 4610192c "	22
" 4610192d "	8
" 4610192e "	20
" 4610192f "	13
" 46101930 "	11
" 46101931 "	9
" 46101932 "	4
" 46101933 "	6
" 46101935 "	17
" 46101936 "	8
" 46101938 "	5
" 4610193b "	15
" 4610193c "	17
" 4610193d "	22
" 4610193e "	10
" 46101942 "	22
" 46101943 "	11
" 46101944 "	17
" 46101946 "	4
" 46101947 "	5
" 46101948 "	5
" 46101949 "	14
" 4610194a "	12
" 4610194b "	13
" 4610194d "	13
" 4610194f "	13
" 46101950 "	1
" 46101951 "	13
" 46101953 "	3
" 46101955 "	9
" 46101956 "	6
" 46101957 "	7
" 46101958 "	15
" 46101959 "	14
" 4610195a "	14
" 4610195b "	16
" 4610195c "	6
" 4610195d "	9
" 4610195e "	1
" 4610195f "	9
" 46101960 "	18
" 46101961 "	8
" 46101962 "	1
" 46101964 "	1
" 46101965 "	6
" 46101966 "	3
" 46101967 "	14
" 46101968 "	4
" 46101969 "	9
" 4610196a "	3
" 4610196b "	6
" 4610196d "	10
" 4610196e "	13
" 4610196f "	18
" 46101970 "	2
" 46101971 "	14
" 46101972 "	23
" 46101974 "	17
" 46101975 "	14
" 46101976 "	26
" 46101977 "	15
" 46101978 "	7
" 46101979 "	12
" 4610197a "	15
" 4610197b "	27
" 4610197c "	6
" 4610197d "	17
" 4610197e "	4
" 4610197f "	10
" 46101980 "	20
" 46101981 "	11
" 46101982 "	14
" 46101983 "	14
" 46101984 "	18
" 46101987 "	8
" 46101988 "	3
" 46101989 "	5
" 4610198a "	18
" 4610198b "	4
" 46101992 "	3
" 46101bc2 "	19
" oid "	1
