" 46100302 "	10
" 46100304 "	15
" 46100307 "	22
" 46100308 "	6
" 46100309 "	13
" 4610030b "	6
" 4610030d "	18
" 4610030e "	14
" 4610030f "	17
" 46100310 "	3
" 46100311 "	17
" 46100312 "	15
" 46100315 "	20
" 46100317 "	11
" 46100318 "	6
" 46100319 "	16
" 4610031b "	18
" 4610031e "	18
" 4610031f "	5
" 46100320 "	17
" 46100321 "	17
" 46100322 "	17
" 46100323 "	14
" 46100325 "	12
" 46100326 "	15
" 46100327 "	14
" 46100329 "	16
" 4610032a "	14
" 4610032b "	11
" 4610032c "	19
" 4610032d "	17
" 46100330 "	10
" 46100332 "	25
" 46100335 "	16
" 46100336 "	25
" 46100338 "	13
" 46100339 "	18
" 4610033a "	23
" 4610033e "	14
" 4610033f "	14
" 46100340 "	19
" 46100342 "	17
" 46100343 "	21
" 46100344 "	16
" 46100345 "	19
" 4610034a "	22
" 4610034e "	19
" 46100350 "	21
" 46100351 "	11
" 46100355 "	4
" 46100356 "	6
" 4610035b "	15
" 4610035d "	15
" 4610035f "	15
" 46100363 "	13
" 46100364 "	14
" 46100365 "	16
" 46100366 "	15
" 46100367 "	13
" 46100368 "	14
" 46100369 "	20
" 4610036a "	14
" 4610036b "	15
" 4610036c "	8
" 4610036d "	9
" 4610036e "	15
" 4610036f "	12
" 46100371 "	16
" 46100373 "	14
" 46100375 "	10
" 46100376 "	16
" 46100377 "	16
" 46100378 "	22
" 46100379 "	6
" 4610037a "	19
" 4610037c "	11
" 4610037e "	8
" 4610037f "	13
" 46100380 "	20
" 46100383 "	13
" 46100385 "	12
" 46100386 "	10
" 46100388 "	16
" 4610038d "	14
" 46100390 "	26
" 46100393 "	16
" 46100394 "	16
" 46100396 "	13
" 46100397 "	14
" 46100398 "	11
" 46100399 "	8
" 461003a2 "	15
" 461003a4 "	17
" 461003a7 "	21
" 461003ab "	11
" 461003ae "	14
" 461003b0 "	13
" 461003b5 "	17
" 461003ba "	17
" 461003bb "	14
" 461003bc "	8
" 461003c6 "	9
" 461003c9 "	8
" 461003cc "	15
" 461003cf "	15
" 461003d0 "	19
" 461003d1 "	2
" 461003d3 "	15
" 461003d4 "	1
" 461003d6 "	11
" 461003d7 "	9
" 461003d9 "	10
" 461003db "	10
" 461003dd "	11
" 461003de "	20
" 461003e1 "	15
" 461003e2 "	16
" 461003e4 "	12
" 461003e5 "	12
" 461003e9 "	12
" 461003f0 "	14
" 461003f1 "	16
" 461003f4 "	14
" 461003f5 "	16
" 461003f6 "	21
" 461003f7 "	20
" 461003fe "	16
" 461003ff "	19
" 46100400 "	13
" 46100401 "	15
" 46100403 "	8
" 46100405 "	22
" 46100406 "	19
" 4610040b "	16
" 4610040c "	20
" 46100410 "	4
" 46100412 "	15
" 46100414 "	8
" 46100418 "	9
" 4610041b "	17
" 4610041d "	16
" 46100420 "	20
" 46100424 "	14
" 46100425 "	16
" 46100426 "	8
" 46100427 "	19
" 46100428 "	16
" 46100429 "	19
" 4610042a "	17
" 4610042b "	20
" 46100430 "	14
" 46100431 "	16
" 46100437 "	20
" 46100438 "	20
" 4610043a "	8
" 4610043b "	15
" 4610043e "	17
" 4610043f "	9
" 46100441 "	16
" 46100442 "	17
" 46100443 "	17
" 46100444 "	16
" 46100447 "	11
" 4610044c "	17
" 4610044d "	15
" 4610044e "	10
" 46100451 "	13
" 46100452 "	10
" 46100453 "	17
" 46100454 "	19
" 46100455 "	12
" 46100456 "	6
" 46100457 "	17
" 46100458 "	8
" 4610045a "	11
" 4610045b "	14
" 4610045c "	14
" 4610045d "	10
" 4610045f "	19
" 46100460 "	11
" 46100462 "	20
" 46100465 "	7
" 46100467 "	13
" 46100468 "	17
" 46100469 "	16
" 4610046a "	17
" 4610046b "	16
" 4610046d "	10
" 46100470 "	6
" 46100471 "	11
" 46100472 "	6
" 46100474 "	16
" 46100476 "	19
" 46100477 "	14
" 4610047a "	14
" 4610047b "	18
" 4610047e "	2
" 4610047f "	24
" 46100480 "	14
" 46100482 "	16
" 46100483 "	16
" 46100486 "	10
" 46100487 "	13
" 46100488 "	10
" 4610048c "	12
" 4610048d "	15
" 4610048e "	17
" 4610048f "	13
" 46100490 "	18
" 46100491 "	13
" 46100492 "	6
" 46100493 "	17
" 46100494 "	15
" 46100495 "	19
" 46100497 "	10
" 46100498 "	20
" 46100499 "	10
" 4610049a "	11
" 4610049b "	17
" 4610049d "	12
" 4610049e "	14
" 461004a0 "	19
" 461004a1 "	12
" 461004a2 "	15
" 461004a3 "	11
" 461004a4 "	19
" 461004a6 "	14
" 461004a7 "	13
" 461004a8 "	19
" 461004a9 "	13
" 461004ac "	21
" 461004b1 "	15
" 461004b2 "	14
" 461004b3 "	15
" 461004b4 "	18
" 461004b5 "	23
" 461004b7 "	5
" 461004b8 "	17
" 461004ba "	15
" 461004bb "	17
" 461004be "	20
" 461004bf "	5
" 461004c0 "	16
" 461004c1 "	14
" 461004c2 "	8
" 461004c5 "	16
" 461004c6 "	13
" 461004c7 "	17
" 461004cb "	17
" 461012f4 "	12
" 461012f6 "	18
" 461012f7 "	11
" 461012f8 "	22
" 461012f9 "	16
" 461012fa "	20
" 461012fb "	15
" 461012fc "	17
" 461012fe "	17
" 46101300 "	14
" 46101301 "	16
" 46101302 "	15
" 46101304 "	16
" 46101305 "	17
" 46101306 "	9
" 46101307 "	13
" 46101308 "	19
" 46101309 "	17
" 4610130a "	16
" 4610130b "	14
" 4610130c "	14
" 4610130f "	15
" 46101311 "	14
" 46101312 "	14
" 46101315 "	5
" 46101316 "	9
" 46101317 "	18
" 46101319 "	3
" 4610131a "	12
" 4610131e "	17
" 46101320 "	23
" 46101322 "	14
" 46101325 "	7
" 46101326 "	14
" 46101327 "	11
" 46101329 "	15
" 4610132a "	14
" 4610132c "	11
" 4610132d "	21
" 4610132e "	18
" 4610132f "	20
" 46101330 "	21
" 46101331 "	16
" 46101332 "	18
" 46101334 "	14
" 46101335 "	7
" 46101336 "	17
" 46101338 "	23
" 46101339 "	11
" 4610133a "	3
" 4610133c "	14
" 4610133d "	10
" 46101341 "	24
" 46101342 "	20
" 46101345 "	16
" 46101347 "	1
" 46101348 "	10
" 4610134a "	19
" 4610134f "	25
" 46101352 "	17
" 46101353 "	19
" 46101357 "	13
" 46101359 "	10
" 4610135a "	15
" 4610135b "	16
" 4610135d "	10
" 4610135e "	20
" 4610135f "	16
" 46101361 "	14
" 46101364 "	17
" 46101365 "	10
" 46101366 "	13
" 46101367 "	11
" 46101368 "	14
" 46101369 "	13
" 4610136c "	18
" 4610136f "	13
" 46101370 "	19
" 46101373 "	17
" 46101376 "	13
" 46101377 "	8
" 46101771 "	16
" 46101772 "	16
" 46101774 "	17
" 46101775 "	21
" 46101776 "	16
" 46101777 "	12
" 46101778 "	5
" 46101779 "	16
" 4610177a "	15
" 4610177b "	23
" 4610177c "	14
" 4610177d "	16
" 4610177e "	10
" 46101780 "	15
" 46101781 "	17
" 46101782 "	16
" 46101784 "	2
" 46101785 "	10
" 46101786 "	7
" 46101787 "	15
" 46101788 "	14
" 46101789 "	19
" 4610178a "	19
" 4610178b "	4
" 4610178c "	2
" 4610178f "	13
" 46101790 "	20
" 46101791 "	3
" 46101793 "	18
" 46101795 "	8
" 46101796 "	12
" 46101797 "	14
" 46101798 "	16
" 4610179a "	16
" 4610179b "	20
" 4610179c "	18
" 4610179f "	19
" 461017a2 "	15
" 461017a3 "	13
" 461017a5 "	18
" 461017a6 "	18
" 461017a7 "	21
" 461017a8 "	12
" 461017a9 "	13
" 461017ab "	16
" 461017ac "	22
" 461017ad "	11
" 461017ae "	11
" 461017af "	18
" 461017b2 "	6
" 461017b5 "	13
" 461017b6 "	18
" 461017b7 "	14
" 461017b9 "	13
" 461017ba "	19
" 461017bb "	19
" 461017bd "	11
" 461017be "	16
" 461017bf "	23
" 461017c2 "	17
" 461017c4 "	22
" 461017c5 "	11
" 461017c6 "	21
" 461017c7 "	13
" 461017ca "	17
" 461017cb "	18
" 461017cc "	15
" 461017cd "	11
" 461017cf "	20
" 461017d0 "	18
" 461017d1 "	16
" 461017d2 "	10
" 461017d3 "	11
" 461017d5 "	19
" 461017d7 "	16
" 461017d8 "	9
" 461017d9 "	14
" 461017da "	11
" 461017dc "	13
" 461017dd "	19
" 461017de "	17
" 461017df "	12
" 461017e0 "	17
" 461017e1 "	16
" 461017e2 "	11
" 461017e3 "	18
" 461017e4 "	15
" 461017e5 "	16
" 461017e6 "	17
" 461017e7 "	16
" 461017e8 "	19
" 461017e9 "	17
" 461017ea "	18
" 461017eb "	15
" 461017ec "	18
" 461017ed "	12
" 461017ee "	13
" 461017ef "	12
" 461017f0 "	23
" 461017f1 "	20
" 461017f2 "	7
" 461017f3 "	17
" 461017f4 "	20
" 461017f5 "	7
" 461017f6 "	18
" 461017f7 "	20
" 461017f8 "	18
" 461017f9 "	18
" 461017fa "	17
" 461017fb "	12
" 461017fc "	16
" 461017fd "	12
" 461017fe "	21
" 461017ff "	19
" 46101801 "	14
" 46101802 "	13
" 46101803 "	16
" 46101804 "	16
" 46101805 "	15
" 46101806 "	13
" 46101807 "	19
" 46101809 "	22
" 4610180a "	16
" 4610180b "	13
" 4610180c "	17
" 4610180e "	13
" 4610180f "	15
" 46101810 "	18
" 46101812 "	19
" 46101813 "	14
" 46101814 "	16
" 46101815 "	13
" 46101816 "	9
" 46101817 "	15
" 46101818 "	15
" 46101819 "	10
" 4610181a "	11
" 4610181b "	12
" 4610181c "	13
" 4610181d "	17
" 4610181e "	7
" 4610181f "	15
" 46101820 "	14
" 46101821 "	14
" 46101823 "	14
" 46101824 "	17
" 46101826 "	11
" 46101827 "	15
" 46101828 "	14
" 46101829 "	10
" 4610182a "	20
" 4610182b "	15
" 4610182c "	16
" 4610182d "	14
" 4610182e "	14
" 4610182f "	6
" 46101830 "	20
" 46101831 "	5
" 46101832 "	17
" 46101833 "	12
" 46101834 "	14
" 46100025 "	17
" 4610004e "	14
" 46100082 "	2
" 461000a0 "	9
" 461000ab "	19
" 461000b4 "	18
" 461000b5 "	19
" 461000b6 "	13
" 461000b7 "	13
" 461000b8 "	17
" 461000b9 "	7
" 461000ba "	9
" 461000bd "	7
" 461000c1 "	11
" 461000c3 "	16
" 461000c4 "	17
" 461000c6 "	7
" 461000c7 "	12
" 461000c8 "	11
" 461000cd "	12
" 461000ce "	15
" 461000cf "	13
" 461000d8 "	5
" 461000d9 "	20
" 461000db "	13
" 461000dd "	16
" 461000de "	17
" 461000e0 "	7
" 461000e2 "	17
" 461000e3 "	15
" 461000e4 "	14
" 461000e6 "	20
" 461000e7 "	13
" 461000e9 "	14
" 461000ea "	21
" 461000eb "	14
" 461000ec "	12
" 461000ee "	19
" 461000f1 "	14
" 461000f6 "	17
" 461000f9 "	13
" 461000fb "	18
" 461000fd "	18
" 461000fe "	17
" 461000ff "	13
" 46100100 "	16
" 46100103 "	7
" 46100107 "	11
" 46100108 "	10
" 46100109 "	13
" 4610010c "	10
" 4610010f "	14
" 46100111 "	18
" 46100115 "	15
" 46100119 "	17
" 4610011d "	14
" 4610011f "	17
" 46100121 "	17
" 46100124 "	10
" 4610012a "	8
" 4610012c "	17
" 4610012d "	16
" 46100130 "	7
" 46100131 "	15
" 46100134 "	15
" 46100137 "	16
" 46100138 "	15
" 4610013d "	18
" 4610013f "	10
" 46100140 "	16
" 46100142 "	16
" 46100145 "	15
" 46100148 "	17
" 4610014a "	6
" 46100151 "	13
" 46100152 "	12
" 46100156 "	8
" 46100159 "	10
" 4610015a "	11
" 4610015b "	19
" 4610015e "	12
" 4610015f "	9
" 46100164 "	18
" 46100167 "	13
" 46100169 "	20
" 4610016c "	13
" 4610016d "	11
" 4610016e "	6
" 46100172 "	20
" 4610017b "	11
" 4610017c "	20
" 4610017e "	16
" 46100181 "	12
" 46100186 "	13
" 4610018e "	16
" 4610018f "	16
" 46100190 "	21
" 46100191 "	13
" 46100193 "	13
" 46100198 "	16
" 4610019c "	17
" 4610019f "	8
" 461001a1 "	14
" 461001a2 "	11
" 461001a4 "	12
" 461001a6 "	15
" 461001a8 "	13
" 461001aa "	17
" 461001ab "	11
" 461001ae "	21
" 461001af "	8
" 461001b0 "	15
" 461001b5 "	11
" 461001b8 "	13
" 461001b9 "	15
" 461001bb "	13
" 461001bd "	16
" 461001be "	11
" 461001bf "	19
" 461001c0 "	12
" 461001c4 "	16
" 461001c6 "	13
" 461001c8 "	20
" 461001ca "	8
" 461001cb "	12
" 461001cd "	13
" 461001d0 "	5
" 461001d1 "	8
" 461001d2 "	6
" 461001d3 "	13
" 461001d4 "	14
" 461001da "	17
" 461001db "	6
" 461001df "	9
" 461001e0 "	15
" 461001e8 "	13
" 461001eb "	11
" 461001ec "	14
" 461001ee "	15
" 461001f1 "	9
" 461001f3 "	15
" 461001f5 "	13
" 461001fa "	9
" 46100200 "	16
" 46100204 "	14
" 46100205 "	17
" 46100206 "	15
" 46100207 "	15
" 46100209 "	17
" 4610020a "	20
" 4610020d "	14
" 4610020e "	16
" 46100210 "	13
" 46100214 "	15
" 46100218 "	14
" 4610021a "	19
" 4610021b "	11
" 4610021c "	15
" 4610021d "	5
" 46100221 "	13
" 46100222 "	8
" 46100223 "	12
" 46100224 "	12
" 46100226 "	18
" 46100227 "	14
" 46100229 "	15
" 4610022d "	15
" 4610022e "	15
" 46100230 "	23
" 46100231 "	9
" 46100232 "	22
" 46100235 "	17
" 46100236 "	11
" 46100237 "	12
" 46100239 "	16
" 4610023b "	21
" 4610023c "	14
" 4610023e "	18
" 46100243 "	17
" 46100246 "	3
" 46100253 "	10
" 46100254 "	6
" 46100259 "	15
" 4610025e "	15
" 46100260 "	18
" 46100261 "	6
" 46100262 "	19
" 46100264 "	20
" 46100269 "	20
" 4610026b "	20
" 4610026d "	15
" 46100270 "	19
" 46100271 "	22
" 46100275 "	21
" 46100277 "	14
" 46100279 "	11
" 4610027b "	16
" 46100280 "	15
" 46100281 "	16
" 46100283 "	15
" 46100286 "	21
" 46100287 "	5
" 46100288 "	17
" 46100289 "	6
" 4610028a "	14
" 4610028b "	8
" 4610028c "	23
" 4610028d "	15
" 4610028e "	13
" 4610028f "	12
" 46100290 "	18
" 46100293 "	15
" 46100298 "	22
" 4610029a "	14
" 4610029b "	10
" 4610029d "	20
" 461002a0 "	18
" 461002a1 "	17
" 461002a2 "	13
" 461002a3 "	6
" 461002a5 "	6
" 461002a6 "	9
" 461002a8 "	17
" 461002aa "	13
" 461002ac "	15
" 461002b0 "	14
" 461002b1 "	22
" 461002b3 "	17
" 461002b5 "	15
" 461002b9 "	12
" 461002ba "	12
" 461002bb "	14
" 461002bc "	17
" 461002d5 "	19
" 461002d7 "	14
" 461002d8 "	12
" 461002db "	15
" 461002dc "	16
" 461002dd "	16
" 461002de "	11
" 461002df "	15
" 461002e1 "	17
" 461002e2 "	21
" 461002e3 "	20
" 461002e4 "	13
" 461002e7 "	18
" 461002e8 "	10
" 461002eb "	16
" 461002ed "	10
" 461002ef "	16
" 461002fd "	14
" 461002ff "	20
" 46100300 "	15
" 46100301 "	16
" 461006c9 "	16
" 461006cb "	1
" 461006cd "	18
" 461006d1 "	16
" 461006d3 "	16
" 461006d6 "	19
" 461006d9 "	5
" 461006da "	14
" 461006dd "	18
" 461006e2 "	17
" 461006e3 "	18
" 461006e5 "	12
" 461006eb "	10
" 461006ed "	17
" 461006ef "	18
" 461006f0 "	14
" 461006f4 "	14
" 461006f5 "	14
" 461006f7 "	15
" 461006fa "	17
" 461006fc "	18
" 461006fd "	12
" 46100702 "	14
" 46100704 "	3
" 46100706 "	15
" 46100708 "	16
" 46100709 "	24
" 4610070d "	18
" 4610070e "	26
" 4610070f "	27
" 46100711 "	1
" 46100715 "	23
" 46100716 "	19
" 46100717 "	16
" 4610071c "	18
" 46100721 "	12
" 46100723 "	13
" 46100724 "	17
" 46100726 "	15
" 46100728 "	15
" 4610072b "	9
" 4610072c "	11
" 4610072d "	15
" 4610072f "	8
" 46100731 "	18
" 46100732 "	21
" 46100733 "	19
" 46100734 "	9
" 46100738 "	6
" 4610073c "	10
" 4610073f "	19
" 46100742 "	12
" 46100744 "	3
" 46100747 "	7
" 46100748 "	12
" 4610074a "	17
" 4610074f "	16
" 46100750 "	15
" 46100751 "	9
" 46100753 "	13
" 46100757 "	15
" 46100759 "	17
" 4610075b "	8
" 4610075c "	15
" 4610075e "	14
" 4610075f "	9
" 46100760 "	1
" 46100761 "	14
" 46100762 "	5
" 46100764 "	8
" 46100765 "	9
" 46100768 "	11
" 4610076b "	12
" 4610076d "	16
" 46100770 "	24
" 46100773 "	21
" 46100775 "	8
" 46100776 "	14
" 46100777 "	9
" 46100778 "	12
" 46100779 "	15
" 4610077b "	13
" 4610077c "	15
" 4610077e "	14
" 4610077f "	15
" 46100780 "	13
" 46100781 "	14
" 46100783 "	8
" 46100784 "	12
" 46100785 "	14
" 46100787 "	15
" 4610078b "	9
" 4610078c "	10
" 4610078d "	13
" 46100793 "	13
" 4610079e "	11
" 4610079f "	9
" 461007a2 "	11
" 461007a6 "	16
" 461007a7 "	13
" 461007ac "	12
" 461007ae "	11
" 461007bd "	12
" 461007c8 "	9
" 461007cc "	17
" 461007d1 "	4
" 461007d5 "	17
" 461007d9 "	13
" 461007dc "	19
" 461007dd "	19
" 461007de "	18
" 461007e0 "	14
" 461007e1 "	17
" 461007e2 "	16
" 461007e3 "	8
" 461007e4 "	15
" 461007e7 "	15
" 461007eb "	5
" 461007ef "	17
" 461007f5 "	3
" 461007f8 "	14
" 461007f9 "	15
" 461007fb "	17
" 461007fe "	21
" 46100805 "	15
" 46100809 "	15
" 4610080a "	16
" 4610080b "	15
" 46100817 "	13
" 46100818 "	16
" 4610081a "	6
" 4610081d "	15
" 4610081f "	13
" 46100820 "	10
" 46100821 "	18
" 46100822 "	18
" 46100829 "	15
" 4610082b "	19
" 4610082d "	16
" 4610082e "	8
" 46100830 "	20
" 46100831 "	10
" 46100832 "	23
" 46100899 "	17
" 461008a5 "	7
" 461008a6 "	16
" 461008a9 "	11
" 461008ab "	10
" 461008ac "	20
" 461008ae "	8
" 46100fa2 "	6
" 46100fa3 "	17
" 46100fa5 "	15
" 46100fa6 "	19
" 46100fa7 "	18
" 46100fa9 "	22
" 46100faa "	23
" 46100fab "	18
" 46100fac "	21
" 46100fad "	15
" 46100fae "	18
" 46100fb0 "	14
" 46100fb1 "	17
" 46100fb2 "	22
" 46100fb3 "	14
" 46100fb4 "	14
" 46100fb7 "	16
" 46100fb9 "	15
" 46100fbb "	17
" 46100fbc "	11
" 46100fbd "	20
" 46100fbe "	17
" 46100fbf "	18
" 46100fc1 "	18
" 46100fc3 "	22
" 46100fc4 "	26
" 46100fc5 "	15
" 46100fc6 "	16
" 46100fca "	10
" 46100fcb "	14
" 46100fcc "	18
" 46100fcd "	11
" 46100fce "	14
" 46100fd0 "	17
" 46100fd1 "	9
" 46100fd2 "	14
" 46100fd3 "	9
" 46100fd4 "	16
" 46100fd5 "	17
" 46100fd6 "	19
" 46100fd8 "	21
" 46100fd9 "	1
" 46100fdb "	14
" 46100fdc "	20
" 46100fe3 "	12
" 46100fe4 "	16
" 46100fe7 "	22
" 46100fe8 "	20
" 46100fea "	22
" 46100feb "	17
" 46100fec "	19
" 46100fef "	19
" 46100ff1 "	14
" 46100ff3 "	20
" 46100ff4 "	18
" 46100ff5 "	4
" 46100ff6 "	17
" 46100ff7 "	18
" 46100ff8 "	20
" 46100ff9 "	9
" 46100ffa "	10
" 46100ffb "	17
" 46100ffc "	15
" 46100ffd "	8
" 46100ffe "	19
" 46100fff "	18
" 46101000 "	19
" 46101001 "	16
" 46101003 "	16
" 46101005 "	22
" 46101006 "	17
" 46101007 "	9
" 46101008 "	20
" 46101009 "	16
" 4610100a "	15
" 4610100b "	18
" 4610100c "	20
" 4610100d "	18
" 4610100e "	15
" 4610100f "	2
" 46101011 "	14
" 46101012 "	15
" 46101013 "	5
" 46101014 "	14
" 46101015 "	13
" 46101016 "	15
" 46101017 "	7
" 46101018 "	15
" 46101019 "	20
" 4610101a "	10
" 4610101b "	14
" 4610101c "	18
" 4610101d "	18
" 4610101e "	18
" 46101021 "	19
" 46101023 "	13
" 46101024 "	7
" 46101025 "	17
" 46101026 "	12
" 46101028 "	15
" 4610102b "	16
" 4610102c "	14
" 4610102d "	15
" 4610102e "	15
" 4610102f "	15
" 46101030 "	19
" 46101031 "	11
" 46101032 "	18
" 46101033 "	19
" 46101034 "	18
" 46101035 "	6
" 46101039 "	22
" 4610103a "	18
" 4610103b "	13
" 4610103d "	18
" 4610103f "	20
" 46101040 "	16
" 46101042 "	10
" 46101043 "	17
" 46101046 "	5
" 46101047 "	16
" 46101048 "	14
" 46101049 "	2
" 4610104a "	14
" 4610104b "	12
" 4610104d "	18
" 4610104e "	5
" 4610104f "	9
" 46101050 "	11
" 46101051 "	14
" 46101053 "	16
" 46101054 "	4
" 46101055 "	17
" 46101056 "	12
" 46101057 "	13
" 4610105a "	17
" 4610105b "	14
" 4610105d "	18
" 4610105f "	13
" 46101060 "	17
" 46101061 "	6
" 46101062 "	21
" 46101065 "	22
" 46101066 "	5
" 46101068 "	21
" 46101069 "	10
" 4610106a "	14
" 4610106b "	16
" 4610106c "	12
" 4610106e "	22
" 46101070 "	17
" 46101071 "	2
" 46101072 "	10
" 46101073 "	1
" 46101076 "	15
" 46101077 "	8
" 46101079 "	17
" 4610107b "	15
" 4610107c "	17
" 4610107d "	15
" 4610107e "	13
" 4610107f "	17
" 46101081 "	18
" 46101082 "	6
" 46101083 "	21
" 46101084 "	20
" 46101085 "	10
" 46101086 "	11
" 46101088 "	18
" 46101089 "	19
" 4610108b "	10
" 4610108d "	17
" 4610108e "	16
" 46101090 "	17
" 46101092 "	20
" 46101093 "	14
" 46101094 "	13
" 46101096 "	21
" 46101097 "	21
" 46101099 "	14
" 4610109a "	11
" 4610109b "	12
" 4610109c "	17
" 4610109f "	18
" 461010a1 "	13
" 461010a2 "	11
" 461010a5 "	18
" 461010a6 "	17
" 461010a8 "	6
" 461010a9 "	15
" 461010aa "	15
" 461010ab "	11
" 461010ac "	20
" 461010ad "	18
" 461010ae "	10
" 461010b0 "	13
" 461010b1 "	14
" 461010b2 "	12
" 461010b3 "	9
" 461010b5 "	15
" 461010b7 "	16
" 461010b9 "	24
" 461010ba "	16
" 461010bb "	10
" 461010bc "	15
" 461010bd "	17
" 461010be "	17
" 461010c0 "	13
" 461010c1 "	22
" 461010c2 "	18
" 461010c3 "	15
" 461010c4 "	15
" 461010c5 "	15
" 461010c6 "	17
" 461010c8 "	15
" 461010c9 "	17
" 461010ca "	15
" 461010cb "	7
" 461010cc "	11
" 461010cd "	16
" 461010ce "	15
" 461010cf "	13
" 461010d0 "	12
" 461010d1 "	8
" 461010d2 "	19
" 461010d3 "	13
" 461010d5 "	14
" 461010d6 "	18
" 461010d8 "	12
" 461010d9 "	16
" 461010da "	16
" 461010dc "	12
" 461010dd "	22
" 461010df "	21
" 461010e0 "	3
" 461010e2 "	22
" 461010e5 "	12
" 461010e7 "	11
" 461010e8 "	15
" 461010ed "	19
" 461010ee "	17
" 461010ef "	17
" 461010f0 "	11
" 461010f1 "	15
" 461010f5 "	14
" 461010f6 "	19
" 461010f7 "	14
" 461010f9 "	15
" 461010fa "	17
" 461010fb "	17
" 461010fc "	15
" 46101100 "	16
" 46101101 "	14
" 46101103 "	15
" 46101105 "	13
" 46101107 "	15
" 46101108 "	25
" 46101109 "	7
" 4610110a "	13
" 4610110b "	11
" 4610110c "	18
" 4610110d "	18
" 4610110e "	16
" 4610110f "	9
" 46101111 "	15
" 46101112 "	13
" 46101114 "	15
" 46101115 "	13
" 46101117 "	15
" 46101119 "	17
" 4610111d "	1
" 4610111e "	18
" 46101121 "	16
" 46101122 "	14
" 46101125 "	21
" 46101126 "	19
" 46101127 "	17
" 46101128 "	9
" 46101129 "	16
" 4610112b "	16
" 4610112c "	10
" 4610112e "	2
" 4610112f "	18
" 46101130 "	17
" 46101132 "	4
" 46101133 "	14
" 46101134 "	5
" 46101135 "	13
" 46101136 "	17
" 46101137 "	5
" 46101138 "	11
" 46101139 "	15
" 4610113a "	15
" 4610113b "	4
" 4610113c "	9
" 4610113d "	6
" 4610113e "	7
" 4610113f "	2
" 46101140 "	15
" 46101141 "	14
" 46101142 "	4
" 46101144 "	17
" 46101145 "	20
" 46101146 "	16
" 46101147 "	11
" 46101149 "	16
" 4610114a "	12
" 4610114c "	19
" 4610114d "	19
" 4610114e "	16
" 4610114f "	8
" 46101150 "	15
" 46101152 "	20
" 46101154 "	22
" 46101155 "	20
" 46101156 "	4
" 46101157 "	17
" 46101158 "	15
" 46101159 "	21
" 4610115a "	16
" 4610115b "	3
" 4610115c "	20
" 4610115f "	18
" 46101160 "	18
" 46101161 "	17
" 46101162 "	10
" 46101163 "	9
" 46101164 "	23
" 46101165 "	16
" 46101166 "	16
" 46101167 "	11
" 46101168 "	9
" 46101169 "	13
" 4610116a "	13
" 4610116b "	11
" 4610116c "	1
" 4610116d "	4
" 4610116e "	5
" 4610116f "	13
" 46101170 "	16
" 46101171 "	21
" 46101173 "	19
" 46101174 "	17
" 46101176 "	23
" 46101178 "	18
" 46101179 "	13
" 4610117a "	20
" 4610117b "	15
" 461004cc "	16
" 461004cf "	13
" 461004d2 "	14
" 461004d3 "	14
" 461004d4 "	25
" 461004d7 "	16
" 461004d9 "	16
" 461004dc "	18
" 461004dd "	19
" 461004de "	6
" 461004e2 "	15
" 461004e3 "	17
" 461004e5 "	18
" 461004e7 "	9
" 461004ea "	4
" 461004eb "	24
" 461004ec "	15
" 461004ed "	16
" 461004f1 "	17
" 461004f2 "	9
" 461004f3 "	16
" 461004f4 "	13
" 461004f6 "	10
" 461004f8 "	9
" 461004f9 "	9
" 461004fb "	11
" 461004fc "	18
" 461004fe "	13
" 461004ff "	20
" 46100501 "	15
" 46100502 "	16
" 46100503 "	12
" 46100504 "	21
" 46100505 "	3
" 46100507 "	9
" 46100508 "	13
" 46100509 "	10
" 4610050a "	11
" 4610050c "	5
" 4610050d "	15
" 46100514 "	7
" 46100516 "	13
" 46100519 "	17
" 4610051c "	19
" 4610051d "	16
" 46100520 "	9
" 46100521 "	10
" 46100524 "	9
" 46100528 "	16
" 4610052a "	18
" 4610052f "	20
" 46100534 "	19
" 46100535 "	14
" 46100536 "	13
" 46100537 "	12
" 46100538 "	7
" 4610053c "	15
" 4610053e "	22
" 4610053f "	21
" 46100542 "	10
" 46100544 "	12
" 46100545 "	7
" 46100548 "	14
" 4610054c "	10
" 4610054d "	17
" 4610054e "	11
" 46100551 "	14
" 46100552 "	10
" 46100553 "	12
" 46100554 "	5
" 46100556 "	12
" 46100557 "	19
" 46100559 "	14
" 4610055d "	12
" 46100560 "	12
" 46100567 "	21
" 46100568 "	20
" 4610056f "	11
" 46100571 "	18
" 46100572 "	16
" 46100573 "	24
" 46100575 "	12
" 46100577 "	14
" 46100578 "	15
" 4610057a "	17
" 4610057b "	10
" 4610057d "	20
" 4610057f "	20
" 46100580 "	14
" 46100582 "	19
" 46100589 "	15
" 4610058a "	10
" 4610058b "	11
" 4610058e "	16
" 4610058f "	13
" 46100590 "	8
" 46100591 "	13
" 46100592 "	17
" 46100593 "	13
" 46100595 "	7
" 46100596 "	12
" 46100599 "	5
" 4610059a "	8
" 4610059c "	8
" 4610059d "	19
" 4610059e "	19
" 461005a0 "	16
" 461005a1 "	12
" 461005a2 "	13
" 461005a3 "	14
" 461005a5 "	12
" 461005a6 "	8
" 461005a7 "	15
" 461005ac "	13
" 461005ad "	9
" 461005ae "	1
" 461005b0 "	15
" 461005b1 "	10
" 461005b2 "	13
" 461005b3 "	16
" 461005b4 "	16
" 461005b7 "	12
" 461005b9 "	18
" 461005ba "	16
" 461005bc "	14
" 461005bf "	14
" 461005c1 "	12
" 461005c4 "	19
" 461005c5 "	16
" 461005c6 "	15
" 461005c7 "	19
" 461005c9 "	13
" 461005cb "	20
" 461005ce "	16
" 461005d2 "	16
" 461005d5 "	15
" 461005d6 "	12
" 461005d7 "	17
" 461005d8 "	13
" 461005da "	18
" 461005db "	14
" 461005dc "	16
" 461005de "	14
" 461005df "	13
" 461005e1 "	20
" 461005e4 "	12
" 461005e5 "	21
" 461005e8 "	11
" 461005e9 "	10
" 461005ea "	14
" 461005eb "	14
" 461005ec "	16
" 461005ed "	16
" 461005f0 "	18
" 461005f1 "	3
" 461005f2 "	17
" 461005f7 "	15
" 461005f8 "	16
" 461005fa "	10
" 461005fd "	18
" 461005fe "	11
" 461005ff "	16
" 46100600 "	8
" 46100603 "	6
" 46100605 "	20
" 46100606 "	15
" 46100608 "	6
" 4610060b "	17
" 4610060e "	16
" 46100617 "	14
" 46100619 "	17
" 4610061b "	10
" 4610061c "	16
" 4610061d "	20
" 46100621 "	15
" 46100622 "	16
" 46100623 "	23
" 46100625 "	13
" 46100626 "	10
" 4610062d "	13
" 4610062e "	19
" 4610062f "	19
" 46100630 "	8
" 46100633 "	15
" 46100634 "	16
" 46100635 "	18
" 46100637 "	22
" 46100638 "	19
" 4610063f "	17
" 46100640 "	7
" 46100641 "	15
" 46100642 "	9
" 46100643 "	20
" 46100648 "	16
" 46100649 "	4
" 4610064e "	18
" 4610064f "	15
" 46100656 "	11
" 46100659 "	7
" 4610065a "	13
" 4610065d "	17
" 4610065f "	10
" 46100660 "	18
" 46100667 "	15
" 4610066a "	13
" 4610066c "	20
" 4610066d "	16
" 46100671 "	9
" 46100673 "	10
" 46100674 "	15
" 46100675 "	15
" 46100678 "	21
" 46100679 "	17
" 4610067a "	8
" 4610067b "	26
" 4610067d "	16
" 4610067f "	11
" 46100682 "	16
" 46100684 "	16
" 46100687 "	23
" 46100688 "	19
" 4610068e "	21
" 4610068f "	27
" 46100691 "	18
" 46100693 "	9
" 46100695 "	16
" 46100696 "	13
" 4610069a "	4
" 4610069b "	13
" 4610069c "	16
" 4610069d "	13
" 4610069e "	22
" 461006a0 "	18
" 461006a2 "	15
" 461006a6 "	18
" 461006a7 "	14
" 461006a8 "	9
" 461006aa "	13
" 461006ab "	18
" 461006ac "	15
" 461006ae "	19
" 461006b2 "	12
" 461006b3 "	20
" 461006b5 "	16
" 461006b6 "	16
" 461006ba "	14
" 461006bb "	15
" 461006bf "	15
" 461006c2 "	15
" 461006c4 "	13
" 4610117c "	15
" 4610117d "	11
" 4610117e "	21
" 4610117f "	17
" 46101180 "	19
" 46101181 "	22
" 46101183 "	18
" 46101184 "	17
" 46101186 "	8
" 46101187 "	15
" 46101189 "	18
" 4610118a "	18
" 4610118b "	14
" 4610118c "	14
" 4610118d "	12
" 4610118e "	16
" 4610118f "	16
" 46101190 "	22
" 46101191 "	16
" 46101193 "	19
" 46101194 "	19
" 46101195 "	18
" 46101196 "	16
" 46101198 "	16
" 46101199 "	10
" 4610119a "	9
" 4610119d "	18
" 4610119e "	12
" 4610119f "	14
" 461011a0 "	17
" 461011a1 "	16
" 461011a3 "	13
" 461011a4 "	17
" 461011a5 "	15
" 461011a6 "	15
" 461011a7 "	9
" 461011a8 "	18
" 461011aa "	10
" 461011ab "	14
" 461011ac "	1
" 461011af "	15
" 461011b0 "	17
" 461011b1 "	13
" 461011b2 "	14
" 461011b3 "	13
" 461011b4 "	10
" 461011b5 "	17
" 461011b7 "	13
" 461011b8 "	10
" 461011b9 "	16
" 461011ba "	22
" 461011bb "	16
" 461011bc "	16
" 461011bd "	14
" 461011be "	17
" 461011c1 "	17
" 461011c3 "	20
" 461011c4 "	16
" 461011c5 "	12
" 461011c6 "	3
" 461011c7 "	8
" 461011c8 "	14
" 461011c9 "	14
" 461011cb "	13
" 461011cd "	15
" 461011cf "	7
" 461011d0 "	9
" 461011d1 "	6
" 461011d2 "	17
" 461011d3 "	18
" 461011d5 "	12
" 461011d7 "	5
" 461011d8 "	14
" 461011dd "	13
" 461011de "	21
" 461011df "	18
" 461011e0 "	15
" 461011e1 "	12
" 461011e2 "	19
" 461011e4 "	17
" 461011e5 "	12
" 461011e6 "	20
" 461011e7 "	6
" 461011e8 "	17
" 461011ea "	20
" 461011ed "	9
" 461011ef "	14
" 461011f0 "	15
" 461011f1 "	6
" 461011f2 "	17
" 461011f3 "	19
" 461011f4 "	10
" 461011f5 "	7
" 461011f7 "	17
" 461011f9 "	15
" 461011fa "	15
" 461011fb "	14
" 461011fc "	15
" 461011fd "	14
" 461011ff "	16
" 46101200 "	18
" 46101201 "	12
" 46101202 "	15
" 46101203 "	18
" 46101208 "	15
" 46101209 "	21
" 4610120a "	10
" 4610120d "	18
" 4610120e "	12
" 4610120f "	15
" 46101210 "	16
" 46101211 "	16
" 46101213 "	9
" 46101219 "	15
" 4610121a "	16
" 4610121b "	18
" 4610121c "	6
" 4610121d "	22
" 4610121e "	22
" 46101222 "	14
" 46101223 "	4
" 46101225 "	10
" 46101226 "	13
" 46101227 "	15
" 46101228 "	18
" 46101229 "	10
" 4610122a "	17
" 4610122b "	12
" 4610122c "	15
" 46101232 "	17
" 46101233 "	17
" 46101234 "	12
" 46101238 "	17
" 4610123a "	10
" 4610123b "	3
" 4610123c "	15
" 4610123d "	16
" 4610123e "	20
" 4610123f "	13
" 46101240 "	20
" 46101242 "	19
" 46101243 "	18
" 46101244 "	17
" 46101245 "	19
" 46101246 "	19
" 46101247 "	16
" 46101248 "	17
" 4610124d "	16
" 4610124e "	22
" 4610124f "	27
" 46101251 "	18
" 46101254 "	7
" 46101256 "	16
" 46101257 "	18
" 46101259 "	9
" 4610125a "	20
" 4610125c "	11
" 4610125f "	20
" 46101260 "	22
" 46101261 "	13
" 46101262 "	16
" 46101263 "	16
" 46101265 "	11
" 46101266 "	13
" 46101267 "	15
" 46101268 "	17
" 4610126a "	22
" 4610126b "	18
" 4610126c "	18
" 4610126d "	17
" 4610126e "	15
" 4610126f "	15
" 46101271 "	15
" 46101273 "	16
" 46101274 "	22
" 46101276 "	20
" 46101277 "	6
" 46101278 "	17
" 46101279 "	21
" 4610127a "	15
" 4610127b "	25
" 4610127c "	11
" 4610127d "	15
" 4610127e "	14
" 4610127f "	18
" 46101280 "	19
" 46101281 "	18
" 46101282 "	1
" 46101283 "	11
" 46101284 "	15
" 46101285 "	4
" 46101286 "	12
" 46101287 "	4
" 46101288 "	11
" 4610129a "	17
" 4610129d "	17
" 461012a1 "	14
" 461012a3 "	13
" 461012a6 "	17
" 461012a7 "	14
" 461012a8 "	18
" 461012a9 "	2
" 461012ab "	11
" 461012ad "	16
" 461012af "	16
" 461012b0 "	18
" 461012b1 "	13
" 461012b2 "	7
" 461012b3 "	11
" 461012b4 "	5
" 461012b5 "	20
" 461012b6 "	14
" 461012b7 "	13
" 461012b8 "	15
" 461012b9 "	14
" 461012ba "	6
" 461012bb "	11
" 461012bc "	12
" 461012be "	7
" 461012c0 "	11
" 461012c2 "	20
" 461012c3 "	20
" 461012c4 "	20
" 461012c5 "	13
" 461012c6 "	8
" 461012c7 "	14
" 461012c8 "	4
" 461012c9 "	5
" 461012ca "	9
" 461012cb "	14
" 461012cc "	15
" 461012cf "	11
" 461012d1 "	14
" 461012d3 "	12
" 461012d7 "	4
" 461012da "	14
" 461012dc "	15
" 461012dd "	15
" 461012df "	14
" 461012e0 "	11
" 461012e1 "	10
" 461012ea "	14
" 461012eb "	18
" 461012ec "	3
" 461012ed "	20
" 461012ee "	15
" 461012f0 "	12
" 461012f1 "	7
" 461012f3 "	15
" 46101835 "	12
" 46101836 "	15
" 46101837 "	14
" 46101838 "	14
" 46101839 "	17
" 4610183a "	11
" 4610183d "	12
" 4610183e "	11
" 46101840 "	12
" 46101842 "	16
" 46101843 "	20
" 46101845 "	14
" 46101847 "	15
" 46101848 "	10
" 46101849 "	15
" 4610184a "	2
" 4610184e "	10
" 46101851 "	13
" 46101853 "	19
" 4610185c "	17
" 4610185d "	20
" 4610185e "	11
" 46101862 "	18
" 46101863 "	11
" 46101864 "	12
" 46101867 "	16
" 46101869 "	21
" 4610186a "	19
" 4610186b "	12
" 4610186c "	14
" 4610186d "	13
" 46101870 "	16
" 46101883 "	3
" 46101885 "	22
" 46101888 "	16
" 4610188d "	3
" 4610188e "	17
" 4610188f "	20
" 46101891 "	11
" 46101892 "	17
" 46101893 "	13
" 46101894 "	10
" 46101895 "	21
" 46101896 "	14
" 46101897 "	13
" 46101898 "	11
" 46101899 "	18
" 4610189a "	15
" 4610189d "	20
" 461018a0 "	13
" 461018a1 "	20
" 461018a2 "	19
" 461018a3 "	13
" 461018a4 "	16
" 461018a7 "	24
" 461018a8 "	20
" 461018a9 "	18
" 461018aa "	19
" 461018ab "	23
" 461018ac "	19
" 461018ad "	16
" 461018af "	11
" 461018b2 "	17
" 461018b3 "	16
" 461018b4 "	16
" 461018b5 "	11
" 461018b6 "	22
" 461018b7 "	18
" 461018b8 "	18
" 461018b9 "	24
" 461018ba "	2
" 461018bb "	15
" 461018bc "	18
" 461018be "	9
" 461018bf "	18
" 461018c0 "	20
" 461018c1 "	13
" 461018c2 "	19
" 461018c3 "	25
" 461018c4 "	18
" 461018c6 "	17
" 461018c8 "	8
" 461018ca "	12
" 461018cc "	11
" 461018cd "	21
" 461018ce "	20
" 461018d0 "	4
" 461018d1 "	11
" 461018d3 "	15
" 461018d6 "	11
" 461018d7 "	17
" 461018d8 "	8
" 461018d9 "	16
" 461018da "	13
" 461018db "	16
" 461018dc "	14
" 461018dd "	15
" 461018df "	2
" 461018e0 "	10
" 461018e1 "	15
" 461018e2 "	13
" 461018e3 "	15
" 461018e4 "	10
" 461018e5 "	17
" 461018e6 "	16
" 461018e7 "	17
" 461018e9 "	15
" 461018ec "	26
" 461018ef "	15
" 461018f0 "	21
" 461018f4 "	8
" 461018f6 "	18
" 461018f9 "	10
" 461018fa "	19
" 461018fb "	10
" 461018fc "	12
" 461018fd "	1
" 46101900 "	14
" 46101901 "	11
" 46101902 "	18
" 46101903 "	16
" 46101904 "	17
" 46101905 "	18
" 46101906 "	17
" 46101907 "	23
" 46101908 "	12
" 4610190c "	15
" 4610190d "	15
" 46101910 "	20
" 46101911 "	24
" 46101912 "	12
" 46101914 "	14
" 46101915 "	19
" 46101916 "	19
" 46101918 "	19
" 46101919 "	13
" 4610191d "	13
" 4610191f "	15
" 46101921 "	17
" 46101922 "	14
" 46101923 "	13
" 46101924 "	10
" 46101925 "	19
" 46101927 "	20
" 46101928 "	15
" 46101929 "	21
" 4610192a "	16
" 4610192b "	11
" 4610192c "	10
" 4610192d "	14
" 4610192f "	16
" 46101930 "	9
" 46101932 "	10
" 46101933 "	13
" 46101935 "	12
" 46101936 "	13
" 46101937 "	14
" 46101938 "	15
" 4610193a "	10
" 4610193b "	17
" 4610193c "	15
" 4610193d "	16
" 4610193e "	12
" 4610193f "	16
" 46101940 "	23
" 46101941 "	12
" 46101942 "	19
" 46101943 "	18
" 46101944 "	13
" 46101945 "	17
" 46101946 "	16
" 46101947 "	4
" 46101948 "	24
" 46101949 "	23
" 4610194a "	17
" 4610194b "	18
" 4610194c "	18
" 4610194d "	3
" 4610194e "	10
" 4610194f "	2
" 46101950 "	17
" 46101951 "	3
" 46101952 "	16
" 46101953 "	17
" 46101954 "	20
" 46101955 "	11
" 46101956 "	15
" 46101957 "	24
" 46101958 "	14
" 46101959 "	21
" 4610195a "	17
" 4610195b "	17
" 4610195e "	8
" 4610195f "	9
" 46101960 "	18
" 46101961 "	14
" 46101962 "	13
" 46101964 "	18
" 46101967 "	18
" 46101968 "	9
" 46101969 "	18
" 4610196a "	20
" 4610196b "	16
" 4610196c "	15
" 4610196d "	15
" 4610196e "	19
" 4610196f "	17
" 46101971 "	12
" 46101972 "	19
" 46101973 "	10
" 46101974 "	9
" 46101975 "	19
" 46101976 "	18
" 46101977 "	14
" 46101978 "	15
" 46101979 "	13
" 4610197b "	16
" 4610197c "	9
" 4610197d "	19
" 4610197e "	14
" 4610197f "	15
" 46101980 "	16
" 46101981 "	14
" 46101982 "	19
" 46101983 "	12
" 46101984 "	12
" 46101985 "	15
" 46101986 "	13
" 46101988 "	19
" 46101989 "	16
" 4610198b "	12
" 4610198c "	2
" 46101992 "	8
" 46101b84 "	11
" 46101b98 "	15
" 46101bbb "	18
" 46101bc2 "	17
" oid "	1
