"  46100305  "	6
"  46100306  "	1
"  46100307  "	6
"  46100308  "	6
"  46100309  "	9
"  4610030b  "	11
"  4610030d  "	12
"  4610030e  "	6
"  4610030f  "	10
"  46100310  "	3
"  46100311  "	6
"  46100312  "	5
"  46100315  "	11
"  46100317  "	6
"  46100318  "	9
"  46100319  "	6
"  4610031b  "	12
"  4610031e  "	12
"  4610031f  "	6
"  46100320  "	11
"  46100321  "	12
"  46100322  "	12
"  46100323  "	12
"  46100324  "	4
"  46100325  "	12
"  46100326  "	11
"  46100327  "	12
"  46100329  "	11
"  4610032a  "	10
"  4610032b  "	12
"  4610032c  "	12
"  4610032d  "	12
"  46100330  "	6
"  46100332  "	12
"  46100333  "	5
"  46100335  "	5
"  46100336  "	11
"  46100337  "	4
"  46100338  "	12
"  46100339  "	11
"  4610033a  "	12
"  4610033e  "	11
"  4610033f  "	9
"  46100340  "	5
"  46100342  "	12
"  46100343  "	12
"  46100344  "	12
"  46100345  "	12
"  46100347  "	6
"  4610034a  "	6
"  4610034d  "	8
"  4610034e  "	12
"  4610034f  "	1
"  46100350  "	10
"  46100351  "	12
"  46100353  "	2
"  46100355  "	6
"  46100356  "	7
"  4610035a  "	1
"  4610035b  "	12
"  4610035c  "	1
"  4610035d  "	12
"  4610035f  "	8
"  46100361  "	2
"  46100363  "	12
"  46100364  "	12
"  46100365  "	12
"  46100366  "	12
"  46100367  "	12
"  46100368  "	12
"  46100369  "	12
"  4610036a  "	12
"  4610036b  "	11
"  4610036c  "	12
"  4610036d  "	9
"  4610036e  "	12
"  4610036f  "	11
"  46100371  "	10
"  46100373  "	12
"  46100374  "	5
"  46100375  "	7
"  46100376  "	12
"  46100377  "	12
"  46100378  "	11
"  46100379  "	11
"  4610037a  "	7
"  4610037b  "	3
"  4610037c  "	12
"  4610037d  "	5
"  4610037e  "	12
"  4610037f  "	12
"  46100380  "	10
"  46100381  "	2
"  46100382  "	6
"  46100383  "	10
"  46100385  "	11
"  46100386  "	12
"  46100388  "	12
"  4610038d  "	12
"  46100390  "	10
"  46100393  "	12
"  46100394  "	7
"  46100395  "	3
"  46100396  "	12
"  46100397  "	11
"  46100398  "	12
"  46100399  "	12
"  461003a2  "	12
"  461003a4  "	9
"  461003a7  "	12
"  461003ab  "	5
"  461003ae  "	10
"  461003af  "	11
"  461003b0  "	12
"  461003b5  "	12
"  461003ba  "	12
"  461003bb  "	12
"  461003bc  "	12
"  461003c6  "	12
"  461003c8  "	3
"  461003c9  "	8
"  461003cc  "	12
"  461003cd  "	2
"  461003cf  "	12
"  461003d0  "	11
"  461003d1  "	12
"  461003d3  "	11
"  461003d4  "	3
"  461003d5  "	7
"  461003d6  "	6
"  461003d7  "	12
"  461003d8  "	4
"  461003d9  "	12
"  461003db  "	7
"  461003dc  "	4
"  461003dd  "	12
"  461003de  "	12
"  461003e1  "	12
"  461003e2  "	12
"  461003e4  "	12
"  461003e5  "	12
"  461003e9  "	6
"  461003eb  "	1
"  461003ec  "	2
"  461003f0  "	9
"  461003f1  "	6
"  461003f3  "	4
"  461003f4  "	12
"  461003f5  "	7
"  461003f6  "	8
"  461003f7  "	12
"  461003fe  "	12
"  461003ff  "	11
"  46100400  "	11
"  46100401  "	12
"  46100403  "	12
"  46100405  "	9
"  46100406  "	12
"  46100408  "	5
"  4610040b  "	12
"  4610040c  "	6
"  4610040d  "	8
"  46100410  "	5
"  46100412  "	12
"  46100414  "	12
"  46100418  "	12
"  4610041b  "	12
"  4610041c  "	3
"  4610041d  "	12
"  46100420  "	9
"  46100423  "	4
"  46100424  "	11
"  46100425  "	11
"  46100426  "	6
"  46100427  "	11
"  46100428  "	12
"  46100429  "	12
"  4610042a  "	9
"  4610042b  "	6
"  4610042d  "	1
"  46100430  "	12
"  46100431  "	8
"  46100437  "	12
"  46100438  "	12
"  4610043a  "	10
"  4610043b  "	9
"  4610043e  "	12
"  4610043f  "	11
"  46100441  "	12
"  46100442  "	12
"  46100443  "	12
"  46100444  "	12
"  46100447  "	12
"  4610044c  "	12
"  4610044d  "	9
"  4610044e  "	7
"  46100450  "	6
"  46100451  "	12
"  46100452  "	9
"  46100453  "	12
"  46100454  "	12
"  46100455  "	10
"  46100456  "	6
"  46100457  "	12
"  46100458  "	9
"  4610045a  "	9
"  4610045b  "	12
"  4610045c  "	12
"  4610045d  "	6
"  4610045f  "	12
"  46100460  "	12
"  46100462  "	8
"  46100465  "	12
"  46100467  "	12
"  46100468  "	12
"  46100469  "	12
"  4610046a  "	12
"  4610046b  "	5
"  4610046d  "	12
"  4610046f  "	5
"  46100470  "	11
"  46100471  "	12
"  46100472  "	12
"  46100474  "	11
"  46100476  "	10
"  46100477  "	11
"  4610047a  "	12
"  4610047b  "	12
"  4610047e  "	10
"  4610047f  "	12
"  46100480  "	12
"  46100481  "	2
"  46100482  "	12
"  46100483  "	12
"  46100484  "	7
"  46100485  "	1
"  46100486  "	8
"  46100487  "	6
"  46100488  "	12
"  4610048c  "	12
"  4610048d  "	12
"  4610048e  "	12
"  4610048f  "	9
"  46100490  "	6
"  46100491  "	11
"  46100492  "	12
"  46100493  "	12
"  46100494  "	12
"  46100495  "	12
"  46100497  "	12
"  46100498  "	11
"  46100499  "	12
"  4610049a  "	11
"  4610049b  "	12
"  4610049d  "	12
"  4610049e  "	12
"  461004a0  "	12
"  461004a1  "	12
"  461004a2  "	12
"  461004a3  "	12
"  461004a4  "	12
"  461004a6  "	8
"  461004a7  "	12
"  461004a8  "	12
"  461004a9  "	12
"  461004ac  "	12
"  461004b1  "	12
"  461004b2  "	11
"  461004b3  "	12
"  461004b4  "	12
"  461004b5  "	12
"  461004b7  "	8
"  461004b8  "	12
"  461004ba  "	12
"  461004bb  "	8
"  461004bc  "	2
"  461004be  "	10
"  461004bf  "	12
"  461004c0  "	12
"  461004c1  "	12
"  461004c2  "	12
"  461004c4  "	8
"  461004c5  "	12
"  461004c6  "	12
"  461004c7  "	12
"  461004c9  "	5
"  461004cb  "	11
"  461004cc  "	7
"  461004cf  "	12
"  461004d2  "	12
"  461004d3  "	12
"  461004d4  "	12
"  461004d7  "	12
"  461012dd  "	12
"  461012df  "	12
"  461012e0  "	12
"  461012e1  "	12
"  461012ea  "	12
"  461012eb  "	12
"  461012ec  "	8
"  461012ed  "	11
"  461012ee  "	12
"  461012ef  "	1
"  461012f0  "	8
"  461012f1  "	7
"  461012f3  "	10
"  461012f4  "	8
"  461012f5  "	2
"  461012f6  "	10
"  461012f7  "	12
"  461012f8  "	12
"  461012f9  "	12
"  461012fa  "	12
"  461012fb  "	8
"  461012fc  "	12
"  461012fe  "	12
"  461012ff  "	4
"  46101300  "	6
"  46101301  "	12
"  46101302  "	11
"  46101304  "	12
"  46101305  "	12
"  46101306  "	11
"  46101307  "	12
"  46101308  "	12
"  46101309  "	12
"  4610130a  "	12
"  4610130b  "	12
"  4610130c  "	6
"  4610130d  "	5
"  4610130e  "	2
"  4610130f  "	10
"  46101310  "	1
"  46101311  "	12
"  46101312  "	12
"  46101313  "	7
"  46101314  "	7
"  46101315  "	12
"  46101316  "	12
"  46101317  "	12
"  46101319  "	12
"  4610131a  "	6
"  4610131c  "	1
"  4610131d  "	4
"  4610131e  "	12
"  4610131f  "	5
"  46101320  "	12
"  46101322  "	12
"  46101323  "	4
"  46101324  "	3
"  46101325  "	5
"  46101326  "	12
"  46101327  "	12
"  46101329  "	11
"  4610132a  "	12
"  4610132c  "	8
"  4610132d  "	12
"  4610132e  "	10
"  4610132f  "	12
"  46101330  "	8
"  46101331  "	11
"  46101332  "	11
"  46101333  "	3
"  46101334  "	12
"  46101335  "	12
"  46101336  "	11
"  46101338  "	7
"  46101339  "	6
"  4610133a  "	2
"  4610133b  "	10
"  4610133c  "	6
"  4610133d  "	2
"  4610133f  "	5
"  46101341  "	11
"  46101342  "	12
"  46101344  "	1
"  46101345  "	4
"  46101346  "	1
"  46101347  "	4
"  46101348  "	12
"  4610134a  "	7
"  4610134d  "	3
"  4610134f  "	7
"  46101350  "	2
"  46101351  "	2
"  46101352  "	12
"  46101353  "	10
"  46101356  "	5
"  46101357  "	12
"  46101359  "	12
"  4610135a  "	12
"  4610135b  "	11
"  4610135c  "	4
"  4610135d  "	12
"  4610135e  "	12
"  4610135f  "	12
"  46101361  "	10
"  46101364  "	8
"  46101365  "	11
"  46101366  "	12
"  46101367  "	9
"  46101368  "	5
"  46101369  "	12
"  4610136b  "	3
"  4610136c  "	12
"  4610136f  "	5
"  46101370  "	6
"  46101371  "	3
"  46101372  "	3
"  46101373  "	11
"  46101376  "	11
"  46101377  "	12
"  46101378  "	4
"  46101771  "	12
"  46101772  "	10
"  46101773  "	2
"  46101774  "	12
"  46101775  "	8
"  46101776  "	8
"  46101777  "	12
"  46101778  "	11
"  46101779  "	11
"  4610177a  "	12
"  4610177b  "	12
"  4610177c  "	10
"  4610177d  "	12
"  4610177e  "	11
"  46101780  "	12
"  46101781  "	12
"  46101782  "	10
"  46101783  "	5
"  46101784  "	11
"  46101785  "	11
"  46101786  "	5
"  46101787  "	10
"  46101788  "	11
"  46101789  "	12
"  4610178a  "	12
"  4610178b  "	10
"  4610178c  "	6
"  4610178d  "	4
"  4610178e  "	2
"  4610178f  "	12
"  46101790  "	12
"  46101791  "	8
"  46101793  "	12
"  46101795  "	10
"  46101796  "	10
"  46101797  "	12
"  46101798  "	12
"  4610179a  "	12
"  4610179b  "	10
"  4610179c  "	12
"  4610179e  "	6
"  4610179f  "	12
"  461017a0  "	5
"  461017a1  "	5
"  461017a2  "	12
"  461017a3  "	12
"  461017a4  "	2
"  461017a5  "	12
"  461017a6  "	12
"  461017a7  "	12
"  461017a8  "	7
"  461017a9  "	7
"  461017aa  "	1
"  461017ab  "	12
"  461017ac  "	11
"  461017ad  "	9
"  461017ae  "	10
"  461017af  "	12
"  461017b0  "	2
"  461017b1  "	2
"  461017b2  "	6
"  461017b3  "	2
"  461017b4  "	5
"  461017b5  "	12
"  461017b6  "	12
"  461017b7  "	12
"  461017b9  "	12
"  461017ba  "	11
"  461017bb  "	10
"  461017bc  "	3
"  461017bd  "	12
"  461017be  "	10
"  461017bf  "	12
"  461017c2  "	12
"  461017c4  "	7
"  461017c5  "	10
"  461017c6  "	12
"  461017c7  "	7
"  461017c8  "	10
"  461017c9  "	5
"  461017ca  "	12
"  461017cb  "	7
"  461017cc  "	12
"  461017cd  "	12
"  461017ce  "	5
"  461017cf  "	12
"  461017d0  "	7
"  461017d1  "	7
"  461017d2  "	12
"  461017d3  "	12
"  461017d4  "	4
"  461017d5  "	7
"  461017d6  "	2
"  461017d7  "	12
"  461017d8  "	11
"  461017d9  "	12
"  461017da  "	12
"  461017db  "	4
"  461017dc  "	12
"  461017dd  "	12
"  461017de  "	12
"  461017df  "	12
"  461017e0  "	12
"  461017e1  "	12
"  461017e2  "	12
"  461017e3  "	11
"  461017e4  "	12
"  461017e5  "	12
"  461017e6  "	11
"  461017e7  "	12
"  461017e8  "	12
"  461017e9  "	11
"  461017ea  "	12
"  461017eb  "	7
"  461017ec  "	12
"  461017ed  "	12
"  461017ee  "	12
"  461017ef  "	12
"  461017f0  "	11
"  461017f1  "	12
"  461017f2  "	12
"  461017f3  "	12
"  461017f4  "	12
"  461017f5  "	12
"  461017f6  "	12
"  461017f7  "	12
"  461017f8  "	12
"  461017f9  "	12
"  461017fa  "	12
"  461017fb  "	12
"  461017fc  "	12
"  461017fd  "	12
"  461017fe  "	12
"  461017ff  "	11
"  46101800  "	2
"  46101801  "	12
"  46101802  "	12
"  46101803  "	12
"  46101804  "	12
"  46101805  "	12
"  46101806  "	12
"  46101807  "	12
"  46101808  "	1
"  46101809  "	12
"  4610180a  "	12
"  4610180b  "	12
"  4610180c  "	9
"  4610180d  "	4
"  4610180e  "	10
"  4610180f  "	12
"  46101810  "	12
"  46101811  "	5
"  46101812  "	12
"  46101813  "	11
"  46101814  "	12
"  46101815  "	12
"  46101816  "	12
"  46101817  "	12
"  46101818  "	12
"  46101819  "	12
"  4610181a  "	12
"  4610181b  "	12
"  4610181c  "	12
"  4610181d  "	12
"  4610181e  "	12
"  4610181f  "	12
"  46101820  "	12
"  46101821  "	12
"  46101823  "	12
"  46101824  "	12
"  46101825  "	9
"  46101826  "	12
"  46101827  "	12
"  46101828  "	12
"  46101829  "	12
"  4610182a  "	12
"  4610182b  "	12
"  46100025  "	12
"  4610004e  "	10
"  46100081  "	1
"  46100082  "	12
"  46100085  "	5
"  4610008c  "	1
"  46100095  "	1
"  461000a0  "	12
"  461000ab  "	12
"  461000b4  "	12
"  461000b5  "	12
"  461000b6  "	11
"  461000b7  "	12
"  461000b8  "	12
"  461000b9  "	12
"  461000ba  "	12
"  461000bd  "	7
"  461000be  "	5
"  461000bf  "	9
"  461000c0  "	5
"  461000c1  "	12
"  461000c3  "	12
"  461000c4  "	12
"  461000c6  "	9
"  461000c7  "	11
"  461000c8  "	10
"  461000cd  "	5
"  461000ce  "	12
"  461000cf  "	11
"  461000d6  "	4
"  461000d8  "	6
"  461000d9  "	12
"  461000db  "	11
"  461000dd  "	12
"  461000de  "	12
"  461000e0  "	12
"  461000e2  "	7
"  461000e3  "	12
"  461000e4  "	10
"  461000e6  "	12
"  461000e7  "	12
"  461000e9  "	6
"  461000ea  "	11
"  461000eb  "	12
"  461000ec  "	12
"  461000ee  "	12
"  461000f1  "	8
"  461000f6  "	12
"  461000f9  "	11
"  461000fb  "	6
"  461000fd  "	10
"  461000fe  "	6
"  461000ff  "	12
"  46100100  "	12
"  46100102  "	1
"  46100103  "	12
"  46100105  "	5
"  46100107  "	11
"  46100108  "	6
"  46100109  "	12
"  4610010c  "	8
"  4610010f  "	12
"  46100111  "	6
"  46100115  "	9
"  46100119  "	12
"  4610011b  "	8
"  4610011d  "	12
"  4610011f  "	12
"  46100121  "	12
"  46100124  "	12
"  46100126  "	2
"  4610012a  "	11
"  4610012c  "	12
"  4610012d  "	12
"  4610012e  "	3
"  46100130  "	6
"  46100131  "	9
"  46100134  "	11
"  46100135  "	5
"  46100137  "	12
"  46100138  "	12
"  4610013b  "	2
"  4610013d  "	12
"  4610013f  "	12
"  46100140  "	12
"  46100142  "	9
"  46100145  "	11
"  46100146  "	9
"  46100147  "	1
"  46100148  "	12
"  4610014a  "	12
"  4610014b  "	4
"  46100151  "	12
"  46100152  "	6
"  46100156  "	6
"  46100158  "	3
"  46100159  "	6
"  4610015a  "	12
"  4610015b  "	12
"  4610015e  "	12
"  4610015f  "	10
"  46100164  "	12
"  46100167  "	6
"  46100169  "	2
"  4610016b  "	1
"  4610016c  "	6
"  4610016d  "	8
"  4610016e  "	12
"  46100172  "	10
"  4610017b  "	12
"  4610017c  "	10
"  4610017e  "	7
"  46100181  "	12
"  46100184  "	1
"  46100186  "	12
"  46100187  "	2
"  4610018e  "	9
"  4610018f  "	12
"  46100190  "	12
"  46100191  "	12
"  46100193  "	10
"  46100198  "	12
"  4610019c  "	5
"  4610019f  "	11
"  461001a1  "	12
"  461001a2  "	11
"  461001a3  "	1
"  461001a4  "	12
"  461001a6  "	12
"  461001a8  "	8
"  461001aa  "	12
"  461001ab  "	12
"  461001ad  "	1
"  461001ae  "	12
"  461001af  "	12
"  461001b0  "	12
"  461001b2  "	1
"  461001b3  "	3
"  461001b4  "	4
"  461001b5  "	12
"  461001b8  "	6
"  461001b9  "	9
"  461001ba  "	4
"  461001bb  "	12
"  461001bd  "	6
"  461001be  "	12
"  461001bf  "	6
"  461001c0  "	12
"  461001c4  "	12
"  461001c6  "	12
"  461001c8  "	12
"  461001ca  "	10
"  461001cb  "	12
"  461001cd  "	8
"  461001d0  "	12
"  461001d1  "	9
"  461001d2  "	10
"  461001d3  "	3
"  461001d4  "	12
"  461001da  "	9
"  461001db  "	12
"  461001df  "	12
"  461001e0  "	11
"  461001e2  "	1
"  461001e6  "	9
"  461001e8  "	9
"  461001eb  "	12
"  461001ec  "	12
"  461001ee  "	9
"  461001f1  "	12
"  461001f2  "	2
"  461001f3  "	9
"  461001f5  "	10
"  461001f8  "	1
"  461001fa  "	6
"  461001ff  "	1
"  46100200  "	12
"  46100202  "	1
"  46100204  "	12
"  46100205  "	12
"  46100206  "	12
"  46100207  "	12
"  46100209  "	12
"  4610020a  "	12
"  4610020d  "	12
"  4610020e  "	12
"  46100210  "	12
"  46100214  "	12
"  46100217  "	4
"  46100218  "	12
"  4610021a  "	10
"  4610021b  "	12
"  4610021c  "	12
"  4610021d  "	6
"  46100221  "	12
"  46100222  "	12
"  46100223  "	12
"  46100224  "	12
"  46100226  "	12
"  46100227  "	12
"  46100229  "	12
"  4610022d  "	6
"  4610022e  "	12
"  46100230  "	11
"  46100231  "	12
"  46100232  "	12
"  46100235  "	12
"  46100236  "	12
"  46100237  "	11
"  46100239  "	12
"  4610023b  "	12
"  4610023c  "	11
"  4610023e  "	12
"  46100243  "	12
"  46100246  "	11
"  46100248  "	5
"  4610024d  "	2
"  46100253  "	12
"  46100254  "	12
"  46100259  "	10
"  4610025e  "	12
"  46100260  "	12
"  46100261  "	6
"  46100262  "	12
"  46100263  "	3
"  46100264  "	12
"  46100265  "	4
"  46100269  "	12
"  4610026b  "	11
"  4610026d  "	5
"  4610026f  "	1
"  46100270  "	12
"  46100271  "	12
"  46100275  "	8
"  46100277  "	12
"  46100279  "	12
"  4610027b  "	12
"  4610027d  "	2
"  4610027e  "	7
"  46100280  "	12
"  46100281  "	12
"  46100283  "	12
"  46100286  "	10
"  46100287  "	5
"  46100288  "	11
"  46100289  "	6
"  4610028a  "	7
"  4610028b  "	6
"  4610028c  "	12
"  4610028d  "	11
"  4610028e  "	12
"  4610028f  "	11
"  46100290  "	7
"  46100292  "	1
"  46100293  "	12
"  46100298  "	8
"  4610029a  "	12
"  4610029b  "	9
"  4610029d  "	8
"  4610029f  "	2
"  461002a0  "	12
"  461002a1  "	12
"  461002a2  "	12
"  461002a3  "	12
"  461002a5  "	6
"  461002a6  "	12
"  461002a8  "	12
"  461002a9  "	3
"  461002aa  "	6
"  461002ab  "	4
"  461002ac  "	7
"  461002ad  "	2
"  461002b0  "	6
"  461002b1  "	12
"  461002b2  "	4
"  461002b3  "	12
"  461002b5  "	12
"  461002b9  "	7
"  461002ba  "	11
"  461002bb  "	12
"  461002bc  "	12
"  461002d5  "	11
"  461002d7  "	12
"  461002d8  "	12
"  461002db  "	12
"  461002dc  "	11
"  461002dd  "	11
"  461002de  "	6
"  461002df  "	11
"  461002e0  "	9
"  461002e1  "	11
"  461002e2  "	12
"  461002e3  "	11
"  461002e4  "	8
"  461002e7  "	12
"  461002e8  "	6
"  461002eb  "	12
"  461002ed  "	8
"  461002ef  "	5
"  461002fc  "	2
"  461002fd  "	8
"  461002ff  "	12
"  46100300  "	6
"  46100301  "	11
"  46100302  "	5
"  46100304  "	11
"  461006c9  "	12
"  461006cb  "	6
"  461006cc  "	5
"  461006cd  "	12
"  461006cf  "	2
"  461006d1  "	11
"  461006d2  "	2
"  461006d3  "	12
"  461006d4  "	3
"  461006d6  "	5
"  461006d7  "	2
"  461006d9  "	10
"  461006da  "	12
"  461006db  "	2
"  461006dd  "	12
"  461006e2  "	12
"  461006e3  "	8
"  461006e4  "	2
"  461006e5  "	12
"  461006ea  "	2
"  461006eb  "	12
"  461006ec  "	2
"  461006ed  "	12
"  461006ee  "	2
"  461006ef  "	8
"  461006f0  "	12
"  461006f1  "	2
"  461006f3  "	11
"  461006f4  "	12
"  461006f5  "	12
"  461006f7  "	12
"  461006fa  "	12
"  461006fc  "	12
"  461006fd  "	9
"  46100700  "	2
"  46100702  "	12
"  46100704  "	12
"  46100706  "	12
"  46100707  "	2
"  46100708  "	12
"  46100709  "	11
"  4610070a  "	2
"  4610070b  "	2
"  4610070d  "	12
"  4610070e  "	12
"  4610070f  "	8
"  46100711  "	6
"  46100715  "	12
"  46100716  "	11
"  46100717  "	12
"  4610071c  "	11
"  46100720  "	2
"  46100721  "	12
"  46100722  "	2
"  46100723  "	11
"  46100724  "	10
"  46100725  "	6
"  46100726  "	11
"  46100728  "	12
"  4610072b  "	8
"  4610072c  "	5
"  4610072d  "	12
"  4610072f  "	6
"  46100731  "	7
"  46100732  "	8
"  46100733  "	12
"  46100734  "	12
"  46100737  "	2
"  46100738  "	6
"  4610073b  "	2
"  4610073c  "	8
"  4610073d  "	2
"  4610073f  "	12
"  46100740  "	5
"  46100742  "	8
"  46100744  "	4
"  46100746  "	8
"  46100747  "	12
"  46100748  "	12
"  46100749  "	2
"  4610074a  "	12
"  4610074c  "	5
"  4610074f  "	12
"  46100750  "	12
"  46100751  "	12
"  46100752  "	2
"  46100753  "	8
"  46100754  "	3
"  46100757  "	8
"  46100759  "	6
"  4610075b  "	12
"  4610075c  "	8
"  4610075e  "	12
"  4610075f  "	6
"  46100760  "	6
"  46100761  "	8
"  46100762  "	6
"  46100763  "	2
"  46100764  "	12
"  46100765  "	12
"  46100766  "	2
"  46100768  "	8
"  4610076a  "	10
"  4610076b  "	12
"  4610076d  "	7
"  46100770  "	8
"  46100773  "	12
"  46100774  "	11
"  46100775  "	12
"  46100776  "	12
"  46100777  "	12
"  46100778  "	12
"  46100779  "	12
"  4610077a  "	9
"  4610077b  "	12
"  4610077c  "	12
"  4610077e  "	12
"  4610077f  "	12
"  46100780  "	12
"  46100781  "	12
"  46100783  "	12
"  46100784  "	11
"  46100785  "	12
"  46100786  "	3
"  46100787  "	12
"  4610078b  "	10
"  4610078c  "	12
"  4610078d  "	12
"  4610078e  "	3
"  4610078f  "	4
"  46100792  "	1
"  46100793  "	8
"  46100797  "	11
"  46100799  "	5
"  4610079d  "	11
"  4610079e  "	11
"  4610079f  "	12
"  461007a2  "	8
"  461007a6  "	12
"  461007a7  "	8
"  461007ac  "	7
"  461007ae  "	6
"  461007bd  "	12
"  461007c6  "	2
"  461007c8  "	8
"  461007cc  "	12
"  461007d1  "	6
"  461007d5  "	11
"  461007d9  "	11
"  461007dc  "	10
"  461007dd  "	6
"  461007de  "	12
"  461007df  "	2
"  461007e0  "	10
"  461007e1  "	12
"  461007e2  "	12
"  461007e3  "	12
"  461007e4  "	12
"  461007e7  "	12
"  461007e9  "	2
"  461007eb  "	12
"  461007ef  "	8
"  461007f5  "	12
"  461007f8  "	10
"  461007f9  "	5
"  461007fb  "	12
"  461007fe  "	12
"  461007ff  "	4
"  46100805  "	8
"  46100809  "	12
"  4610080a  "	7
"  4610080b  "	12
"  46100817  "	11
"  46100818  "	12
"  46100819  "	2
"  4610081a  "	6
"  4610081c  "	9
"  4610081d  "	12
"  4610081f  "	12
"  46100820  "	11
"  46100821  "	12
"  46100822  "	12
"  46100824  "	1
"  46100829  "	11
"  4610082b  "	12
"  4610082d  "	8
"  4610082e  "	12
"  46100830  "	12
"  46100831  "	12
"  46100832  "	12
"  46100899  "	12
"  461008a5  "	11
"  461008a6  "	12
"  461008a9  "	7
"  461008aa  "	3
"  461008ab  "	7
"  461008ac  "	11
"  461008ad  "	5
"  461008ae  "	11
"  46100d05  "	1
"  46100d07  "	1
"  46100d09  "	3
"  46100fa2  "	8
"  46100fa3  "	12
"  46100fa5  "	9
"  46100fa6  "	12
"  46100fa7  "	9
"  46100fa8  "	5
"  46100fa9  "	11
"  46100faa  "	8
"  46100fab  "	8
"  46100fac  "	11
"  46100fad  "	12
"  46100fae  "	8
"  46100faf  "	4
"  46100fb0  "	12
"  46100fb1  "	12
"  46100fb2  "	12
"  46100fb3  "	9
"  46100fb4  "	12
"  46100fb5  "	4
"  46100fb7  "	7
"  46100fb8  "	4
"  46100fb9  "	11
"  46100fba  "	1
"  46100fbb  "	9
"  46100fbc  "	12
"  46100fbd  "	9
"  46100fbe  "	12
"  46100fbf  "	11
"  46100fc0  "	5
"  46100fc1  "	11
"  46100fc2  "	4
"  46100fc3  "	8
"  46100fc4  "	8
"  46100fc5  "	8
"  46100fc6  "	12
"  46100fca  "	12
"  46100fcb  "	12
"  46100fcc  "	4
"  46100fcd  "	12
"  46100fce  "	12
"  46100fd0  "	12
"  46100fd1  "	5
"  46100fd2  "	5
"  46100fd3  "	6
"  46100fd4  "	12
"  46100fd5  "	12
"  46100fd6  "	9
"  46100fd8  "	12
"  46100fd9  "	4
"  46100fda  "	10
"  46100fdb  "	11
"  46100fdc  "	12
"  46100fdd  "	3
"  46100fde  "	11
"  46100fe3  "	12
"  46100fe4  "	10
"  46100fe7  "	11
"  46100fe8  "	12
"  46100fea  "	12
"  46100feb  "	12
"  46100fec  "	12
"  46100fef  "	12
"  46100ff1  "	12
"  46100ff3  "	12
"  46100ff4  "	11
"  46100ff5  "	6
"  46100ff6  "	11
"  46100ff7  "	12
"  46100ff8  "	12
"  46100ff9  "	8
"  46100ffa  "	12
"  46100ffb  "	12
"  46100ffc  "	12
"  46100ffd  "	8
"  46100ffe  "	12
"  46100fff  "	11
"  46101000  "	12
"  46101001  "	11
"  46101003  "	12
"  46101004  "	5
"  46101005  "	12
"  46101006  "	9
"  46101007  "	11
"  46101008  "	11
"  46101009  "	7
"  4610100a  "	12
"  4610100b  "	12
"  4610100c  "	11
"  4610100d  "	10
"  4610100e  "	12
"  4610100f  "	6
"  46101011  "	11
"  46101012  "	11
"  46101013  "	12
"  46101014  "	11
"  46101015  "	12
"  46101016  "	12
"  46101017  "	12
"  46101018  "	12
"  46101019  "	12
"  4610101a  "	12
"  4610101b  "	11
"  4610101c  "	12
"  4610101d  "	7
"  4610101e  "	12
"  46101021  "	12
"  46101022  "	8
"  46101023  "	11
"  46101024  "	12
"  46101025  "	12
"  46101026  "	12
"  46101027  "	4
"  46101028  "	12
"  4610102a  "	3
"  4610102b  "	12
"  4610102c  "	12
"  4610102d  "	12
"  4610102e  "	10
"  4610102f  "	12
"  46101030  "	12
"  46101031  "	12
"  46101032  "	12
"  46101033  "	12
"  46101034  "	12
"  46101035  "	5
"  46101038  "	2
"  46101039  "	12
"  4610103a  "	11
"  4610103b  "	12
"  4610103d  "	12
"  4610103f  "	12
"  46101040  "	12
"  46101041  "	1
"  46101042  "	11
"  46101043  "	12
"  46101045  "	5
"  46101046  "	5
"  46101047  "	10
"  46101048  "	12
"  46101049  "	5
"  4610104a  "	10
"  4610104b  "	11
"  4610104c  "	2
"  4610104d  "	11
"  4610104e  "	6
"  4610104f  "	9
"  46101050  "	11
"  46101051  "	11
"  46101053  "	10
"  46101054  "	6
"  46101055  "	12
"  46101056  "	12
"  46101057  "	11
"  46101059  "	5
"  4610105a  "	11
"  4610105b  "	11
"  4610105d  "	11
"  4610105f  "	10
"  46101060  "	9
"  46101061  "	12
"  46101062  "	10
"  46101065  "	9
"  46101066  "	6
"  46101067  "	5
"  46101068  "	11
"  46101069  "	6
"  4610106a  "	12
"  4610106b  "	11
"  4610106c  "	6
"  4610106d  "	2
"  4610106e  "	12
"  46101070  "	12
"  46101071  "	10
"  46101072  "	11
"  46101073  "	11
"  46101075  "	1
"  46101076  "	11
"  46101077  "	12
"  46101079  "	11
"  4610107a  "	2
"  4610107b  "	12
"  4610107c  "	11
"  4610107d  "	11
"  4610107e  "	12
"  4610107f  "	11
"  46101080  "	4
"  46101081  "	11
"  46101082  "	12
"  46101083  "	12
"  46101084  "	12
"  46101085  "	12
"  46101086  "	12
"  46101088  "	12
"  46101089  "	12
"  4610108b  "	9
"  4610108c  "	5
"  4610108d  "	12
"  4610108e  "	11
"  46101090  "	12
"  46101091  "	5
"  46101092  "	12
"  46101093  "	8
"  46101094  "	7
"  46101096  "	12
"  46101097  "	12
"  46101099  "	12
"  4610109a  "	8
"  4610109b  "	12
"  4610109c  "	12
"  4610109d  "	2
"  4610109f  "	12
"  461010a1  "	12
"  461010a2  "	12
"  461010a3  "	1
"  461010a5  "	12
"  461010a6  "	12
"  461010a7  "	1
"  461010a8  "	12
"  461010a9  "	9
"  461010aa  "	12
"  461010ab  "	10
"  461010ac  "	12
"  461010ad  "	11
"  461010ae  "	12
"  461010b0  "	12
"  461010b1  "	12
"  461010b2  "	12
"  461010b3  "	12
"  461010b5  "	12
"  461010b7  "	12
"  461010b8  "	1
"  461010b9  "	12
"  461010ba  "	12
"  461010bb  "	12
"  461010bc  "	12
"  461010bd  "	12
"  461010be  "	12
"  461010bf  "	10
"  461010c0  "	12
"  461010c1  "	12
"  461010c2  "	12
"  461010c3  "	12
"  461010c4  "	12
"  461010c5  "	12
"  461010c6  "	12
"  461010c8  "	6
"  461010c9  "	9
"  461010ca  "	12
"  461010cb  "	12
"  461010cc  "	12
"  461010cd  "	12
"  461010ce  "	10
"  461010cf  "	11
"  461010d0  "	12
"  461010d1  "	12
"  461010d2  "	11
"  461010d3  "	12
"  461010d4  "	1
"  461010d5  "	8
"  461010d6  "	12
"  461010d8  "	12
"  461010d9  "	12
"  461010da  "	12
"  461010db  "	9
"  461010dc  "	12
"  461010dd  "	12
"  461010de  "	3
"  461010df  "	10
"  461010e0  "	12
"  461010e2  "	6
"  461010e5  "	8
"  461010e6  "	1
"  461010e7  "	12
"  461010e8  "	12
"  461010eb  "	1
"  461010ed  "	8
"  461010ee  "	12
"  461010ef  "	12
"  461010f0  "	11
"  461010f1  "	5
"  461010f2  "	8
"  461010f5  "	12
"  461010f6  "	12
"  461010f7  "	11
"  461010f9  "	12
"  461010fa  "	10
"  461010fb  "	12
"  461010fc  "	9
"  461010ff  "	4
"  46101100  "	11
"  46101101  "	12
"  46101103  "	12
"  46101105  "	12
"  46101107  "	12
"  46101108  "	12
"  46101109  "	12
"  4610110a  "	12
"  4610110b  "	12
"  4610110c  "	12
"  4610110d  "	10
"  4610110e  "	12
"  4610110f  "	12
"  46101110  "	2
"  46101111  "	11
"  46101112  "	12
"  46101113  "	1
"  46101114  "	12
"  46101115  "	12
"  46101117  "	12
"  46101118  "	11
"  46101119  "	9
"  4610111c  "	1
"  4610111d  "	6
"  4610111e  "	12
"  46101121  "	12
"  46101122  "	12
"  46101125  "	12
"  46101126  "	12
"  46101127  "	12
"  46101128  "	8
"  46101129  "	12
"  4610112b  "	12
"  4610112c  "	12
"  4610112e  "	7
"  4610112f  "	9
"  46101130  "	12
"  46101132  "	12
"  46101133  "	12
"  46101134  "	6
"  46101135  "	12
"  46101136  "	12
"  46101137  "	12
"  46101138  "	11
"  46101139  "	11
"  4610113a  "	12
"  4610113b  "	11
"  4610113c  "	11
"  4610113d  "	6
"  4610113e  "	11
"  4610113f  "	5
"  46101140  "	12
"  46101141  "	11
"  46101142  "	12
"  46101143  "	7
"  46101144  "	10
"  46101145  "	11
"  46101146  "	11
"  46101147  "	11
"  46101148  "	4
"  46101149  "	12
"  4610114a  "	12
"  4610114b  "	2
"  4610114c  "	12
"  4610114d  "	12
"  4610114e  "	12
"  4610114f  "	12
"  46101150  "	11
"  46101151  "	5
"  46101152  "	12
"  46101154  "	12
"  46101155  "	12
"  46101156  "	12
"  46101157  "	12
"  46101158  "	11
"  46101159  "	11
"  4610115a  "	12
"  4610115b  "	5
"  4610115c  "	12
"  4610115e  "	5
"  4610115f  "	12
"  46101160  "	12
"  46101161  "	11
"  46101162  "	6
"  46101163  "	12
"  46101164  "	12
"  46101165  "	12
"  46101166  "	12
"  46101167  "	12
"  46101168  "	11
"  46101169  "	9
"  4610116a  "	12
"  4610116b  "	10
"  4610116c  "	4
"  4610116d  "	8
"  4610116e  "	6
"  4610116f  "	12
"  46101170  "	12
"  46101171  "	12
"  46101173  "	12
"  46101174  "	11
"  46101175  "	4
"  46101176  "	12
"  461004d9  "	10
"  461004dc  "	10
"  461004dd  "	12
"  461004de  "	12
"  461004e1  "	4
"  461004e2  "	10
"  461004e3  "	12
"  461004e5  "	12
"  461004e7  "	5
"  461004ea  "	7
"  461004eb  "	10
"  461004ec  "	10
"  461004ed  "	7
"  461004ee  "	2
"  461004f1  "	10
"  461004f2  "	6
"  461004f3  "	9
"  461004f4  "	12
"  461004f6  "	12
"  461004f8  "	12
"  461004f9  "	11
"  461004fb  "	12
"  461004fc  "	10
"  461004fe  "	12
"  461004ff  "	10
"  46100501  "	9
"  46100502  "	7
"  46100503  "	12
"  46100504  "	10
"  46100505  "	5
"  46100506  "	10
"  46100507  "	10
"  46100508  "	12
"  46100509  "	9
"  4610050a  "	11
"  4610050c  "	12
"  4610050d  "	11
"  4610050e  "	4
"  46100513  "	2
"  46100514  "	12
"  46100516  "	12
"  46100519  "	11
"  4610051a  "	4
"  4610051c  "	12
"  4610051d  "	10
"  46100520  "	12
"  46100521  "	11
"  46100523  "	4
"  46100524  "	12
"  46100525  "	9
"  46100528  "	12
"  4610052a  "	12
"  4610052e  "	1
"  4610052f  "	8
"  46100534  "	12
"  46100535  "	11
"  46100536  "	10
"  46100537  "	11
"  46100538  "	12
"  4610053c  "	12
"  4610053e  "	12
"  4610053f  "	11
"  46100542  "	12
"  46100544  "	12
"  46100545  "	12
"  46100548  "	12
"  4610054b  "	2
"  4610054c  "	12
"  4610054d  "	12
"  4610054e  "	12
"  46100551  "	12
"  46100552  "	12
"  46100553  "	12
"  46100554  "	12
"  46100556  "	12
"  46100557  "	12
"  46100559  "	12
"  4610055d  "	12
"  4610055e  "	3
"  4610055f  "	3
"  46100560  "	12
"  46100562  "	1
"  46100567  "	12
"  46100568  "	10
"  4610056f  "	12
"  46100571  "	11
"  46100572  "	12
"  46100573  "	12
"  46100574  "	5
"  46100575  "	12
"  46100577  "	12
"  46100578  "	12
"  4610057a  "	8
"  4610057b  "	12
"  4610057d  "	6
"  4610057f  "	12
"  46100580  "	10
"  46100582  "	11
"  46100589  "	12
"  4610058a  "	12
"  4610058b  "	12
"  4610058e  "	12
"  4610058f  "	12
"  46100590  "	12
"  46100591  "	12
"  46100592  "	12
"  46100593  "	12
"  46100595  "	9
"  46100596  "	12
"  46100599  "	12
"  4610059a  "	12
"  4610059c  "	12
"  4610059d  "	9
"  4610059e  "	12
"  4610059f  "	2
"  461005a0  "	7
"  461005a1  "	12
"  461005a2  "	8
"  461005a3  "	12
"  461005a5  "	12
"  461005a6  "	12
"  461005a7  "	12
"  461005a8  "	1
"  461005ac  "	12
"  461005ad  "	11
"  461005ae  "	11
"  461005af  "	2
"  461005b0  "	12
"  461005b1  "	8
"  461005b2  "	11
"  461005b3  "	12
"  461005b4  "	10
"  461005b7  "	12
"  461005b9  "	12
"  461005ba  "	12
"  461005bc  "	12
"  461005be  "	3
"  461005bf  "	11
"  461005c1  "	12
"  461005c3  "	2
"  461005c4  "	12
"  461005c5  "	11
"  461005c6  "	12
"  461005c7  "	11
"  461005c9  "	11
"  461005cb  "	12
"  461005ce  "	11
"  461005d2  "	12
"  461005d5  "	12
"  461005d6  "	12
"  461005d7  "	12
"  461005d8  "	12
"  461005da  "	12
"  461005db  "	11
"  461005dc  "	12
"  461005de  "	12
"  461005df  "	12
"  461005e1  "	12
"  461005e4  "	12
"  461005e5  "	12
"  461005e6  "	2
"  461005e8  "	12
"  461005e9  "	12
"  461005ea  "	12
"  461005eb  "	8
"  461005ec  "	12
"  461005ed  "	10
"  461005f0  "	12
"  461005f1  "	12
"  461005f2  "	9
"  461005f3  "	4
"  461005f7  "	12
"  461005f8  "	6
"  461005fa  "	12
"  461005fb  "	5
"  461005fd  "	6
"  461005fe  "	12
"  461005ff  "	6
"  46100600  "	12
"  46100602  "	5
"  46100603  "	10
"  46100605  "	12
"  46100606  "	7
"  46100608  "	10
"  4610060a  "	3
"  4610060b  "	12
"  4610060d  "	4
"  4610060e  "	12
"  4610060f  "	5
"  46100610  "	3
"  46100611  "	3
"  46100612  "	4
"  46100614  "	4
"  46100615  "	8
"  46100616  "	2
"  46100617  "	9
"  46100618  "	5
"  46100619  "	10
"  4610061b  "	12
"  4610061c  "	12
"  4610061d  "	8
"  46100621  "	6
"  46100622  "	9
"  46100623  "	12
"  46100625  "	5
"  46100626  "	11
"  4610062d  "	12
"  4610062e  "	9
"  4610062f  "	12
"  46100630  "	11
"  46100633  "	7
"  46100634  "	12
"  46100635  "	11
"  46100637  "	12
"  46100638  "	10
"  4610063a  "	5
"  4610063b  "	5
"  4610063f  "	12
"  46100640  "	9
"  46100641  "	12
"  46100642  "	12
"  46100643  "	12
"  46100648  "	11
"  46100649  "	7
"  4610064e  "	12
"  4610064f  "	12
"  46100653  "	3
"  46100656  "	12
"  46100658  "	5
"  46100659  "	12
"  4610065a  "	11
"  4610065c  "	1
"  4610065d  "	9
"  4610065f  "	12
"  46100660  "	8
"  46100667  "	12
"  4610066a  "	12
"  4610066c  "	12
"  4610066d  "	12
"  4610066e  "	1
"  46100671  "	12
"  46100673  "	12
"  46100674  "	11
"  46100675  "	12
"  46100676  "	1
"  46100678  "	10
"  46100679  "	12
"  4610067a  "	6
"  4610067b  "	12
"  4610067d  "	12
"  4610067f  "	12
"  46100681  "	4
"  46100682  "	4
"  46100683  "	1
"  46100684  "	12
"  46100685  "	4
"  46100687  "	11
"  46100688  "	10
"  4610068b  "	5
"  4610068c  "	3
"  4610068d  "	2
"  4610068e  "	12
"  4610068f  "	12
"  46100691  "	12
"  46100693  "	12
"  46100695  "	12
"  46100696  "	12
"  46100699  "	5
"  4610069a  "	5
"  4610069b  "	6
"  4610069c  "	7
"  4610069d  "	12
"  4610069e  "	12
"  461006a0  "	7
"  461006a2  "	7
"  461006a6  "	12
"  461006a7  "	12
"  461006a8  "	11
"  461006aa  "	11
"  461006ab  "	11
"  461006ac  "	12
"  461006ad  "	2
"  461006ae  "	12
"  461006af  "	5
"  461006b1  "	1
"  461006b2  "	8
"  461006b3  "	12
"  461006b5  "	12
"  461006b6  "	12
"  461006ba  "	12
"  461006bb  "	12
"  461006bf  "	12
"  461006c0  "	1
"  461006c2  "	12
"  461006c3  "	5
"  461006c4  "	12
"  46101178  "	12
"  46101179  "	12
"  4610117a  "	12
"  4610117b  "	12
"  4610117c  "	12
"  4610117d  "	12
"  4610117e  "	12
"  4610117f  "	12
"  46101180  "	12
"  46101181  "	12
"  46101183  "	12
"  46101184  "	10
"  46101185  "	5
"  46101186  "	11
"  46101187  "	11
"  46101188  "	5
"  46101189  "	12
"  4610118a  "	12
"  4610118b  "	12
"  4610118c  "	12
"  4610118d  "	12
"  4610118e  "	12
"  4610118f  "	12
"  46101190  "	12
"  46101191  "	12
"  46101192  "	2
"  46101193  "	12
"  46101194  "	11
"  46101195  "	12
"  46101196  "	6
"  46101197  "	8
"  46101198  "	9
"  46101199  "	7
"  4610119a  "	12
"  4610119d  "	12
"  4610119e  "	9
"  4610119f  "	12
"  461011a0  "	12
"  461011a1  "	12
"  461011a3  "	12
"  461011a4  "	12
"  461011a5  "	12
"  461011a6  "	11
"  461011a7  "	12
"  461011a8  "	12
"  461011aa  "	12
"  461011ab  "	12
"  461011ac  "	12
"  461011ad  "	5
"  461011ae  "	1
"  461011af  "	12
"  461011b0  "	10
"  461011b1  "	12
"  461011b2  "	12
"  461011b3  "	12
"  461011b4  "	12
"  461011b5  "	11
"  461011b6  "	1
"  461011b7  "	12
"  461011b8  "	12
"  461011b9  "	12
"  461011ba  "	12
"  461011bb  "	12
"  461011bc  "	12
"  461011bd  "	10
"  461011be  "	10
"  461011c1  "	11
"  461011c3  "	12
"  461011c4  "	12
"  461011c5  "	12
"  461011c6  "	11
"  461011c7  "	7
"  461011c8  "	9
"  461011c9  "	12
"  461011cb  "	12
"  461011cd  "	11
"  461011cf  "	12
"  461011d0  "	12
"  461011d1  "	12
"  461011d2  "	11
"  461011d3  "	12
"  461011d4  "	5
"  461011d5  "	12
"  461011d7  "	9
"  461011d8  "	12
"  461011dd  "	12
"  461011de  "	12
"  461011df  "	12
"  461011e0  "	9
"  461011e1  "	12
"  461011e2  "	7
"  461011e4  "	12
"  461011e5  "	12
"  461011e6  "	12
"  461011e7  "	8
"  461011e8  "	11
"  461011e9  "	6
"  461011ea  "	12
"  461011ec  "	2
"  461011ed  "	12
"  461011ef  "	12
"  461011f0  "	12
"  461011f1  "	8
"  461011f2  "	7
"  461011f3  "	12
"  461011f4  "	12
"  461011f5  "	11
"  461011f6  "	9
"  461011f7  "	12
"  461011f9  "	11
"  461011fa  "	12
"  461011fb  "	12
"  461011fc  "	12
"  461011fd  "	12
"  461011fe  "	5
"  461011ff  "	12
"  46101200  "	10
"  46101201  "	12
"  46101202  "	6
"  46101203  "	12
"  46101204  "	2
"  46101206  "	2
"  46101207  "	2
"  46101208  "	12
"  46101209  "	12
"  4610120a  "	12
"  4610120b  "	2
"  4610120c  "	2
"  4610120d  "	12
"  4610120e  "	12
"  4610120f  "	12
"  46101210  "	11
"  46101211  "	12
"  46101213  "	12
"  46101215  "	2
"  46101216  "	2
"  46101217  "	2
"  46101218  "	2
"  46101219  "	11
"  4610121a  "	12
"  4610121b  "	10
"  4610121c  "	5
"  4610121d  "	9
"  4610121e  "	12
"  4610121f  "	1
"  46101220  "	2
"  46101222  "	12
"  46101223  "	12
"  46101224  "	2
"  46101225  "	11
"  46101226  "	12
"  46101227  "	12
"  46101228  "	12
"  46101229  "	12
"  4610122a  "	12
"  4610122b  "	12
"  4610122c  "	12
"  4610122d  "	2
"  4610122f  "	4
"  46101230  "	4
"  46101231  "	4
"  46101232  "	12
"  46101233  "	12
"  46101234  "	12
"  46101235  "	7
"  46101236  "	2
"  46101237  "	2
"  46101238  "	12
"  46101239  "	1
"  4610123a  "	12
"  4610123b  "	6
"  4610123c  "	12
"  4610123d  "	10
"  4610123e  "	12
"  4610123f  "	12
"  46101240  "	12
"  46101241  "	6
"  46101242  "	10
"  46101243  "	12
"  46101244  "	12
"  46101245  "	12
"  46101246  "	8
"  46101247  "	12
"  46101248  "	12
"  46101249  "	2
"  4610124a  "	5
"  4610124b  "	2
"  4610124c  "	2
"  4610124d  "	11
"  4610124e  "	12
"  4610124f  "	9
"  46101251  "	8
"  46101252  "	2
"  46101254  "	12
"  46101255  "	1
"  46101256  "	12
"  46101257  "	12
"  46101258  "	5
"  46101259  "	12
"  4610125a  "	12
"  4610125b  "	4
"  4610125c  "	8
"  4610125e  "	5
"  4610125f  "	12
"  46101260  "	12
"  46101261  "	12
"  46101262  "	9
"  46101263  "	12
"  46101265  "	12
"  46101266  "	12
"  46101267  "	8
"  46101268  "	12
"  46101269  "	2
"  4610126a  "	12
"  4610126b  "	12
"  4610126c  "	12
"  4610126d  "	12
"  4610126e  "	7
"  4610126f  "	12
"  46101271  "	12
"  46101273  "	6
"  46101274  "	12
"  46101275  "	1
"  46101276  "	12
"  46101277  "	12
"  46101278  "	12
"  46101279  "	12
"  4610127a  "	8
"  4610127b  "	12
"  4610127c  "	12
"  4610127d  "	12
"  4610127e  "	12
"  4610127f  "	11
"  46101280  "	12
"  46101281  "	12
"  46101282  "	12
"  46101283  "	11
"  46101284  "	12
"  46101285  "	12
"  46101286  "	12
"  46101287  "	2
"  46101288  "	11
"  4610129a  "	12
"  4610129c  "	2
"  4610129d  "	9
"  4610129f  "	2
"  461012a1  "	12
"  461012a3  "	7
"  461012a4  "	5
"  461012a5  "	6
"  461012a6  "	12
"  461012a7  "	10
"  461012a8  "	12
"  461012a9  "	6
"  461012aa  "	2
"  461012ab  "	12
"  461012ac  "	4
"  461012ad  "	12
"  461012af  "	10
"  461012b0  "	12
"  461012b1  "	10
"  461012b2  "	3
"  461012b3  "	10
"  461012b4  "	12
"  461012b5  "	12
"  461012b6  "	12
"  461012b7  "	10
"  461012b8  "	12
"  461012b9  "	7
"  461012ba  "	8
"  461012bb  "	10
"  461012bc  "	8
"  461012bd  "	2
"  461012be  "	11
"  461012c0  "	12
"  461012c2  "	12
"  461012c3  "	12
"  461012c4  "	12
"  461012c5  "	11
"  461012c6  "	12
"  461012c7  "	5
"  461012c8  "	12
"  461012c9  "	12
"  461012ca  "	6
"  461012cb  "	7
"  461012cc  "	12
"  461012cd  "	2
"  461012cf  "	11
"  461012d0  "	4
"  461012d1  "	12
"  461012d3  "	12
"  461012d5  "	1
"  461012d7  "	6
"  461012da  "	11
"  461012dc  "	12
"  4610182c  "	12
"  4610182d  "	12
"  4610182e  "	12
"  4610182f  "	12
"  46101830  "	12
"  46101831  "	6
"  46101832  "	12
"  46101833  "	12
"  46101834  "	12
"  46101835  "	12
"  46101836  "	12
"  46101837  "	10
"  46101838  "	12
"  46101839  "	12
"  4610183a  "	8
"  4610183b  "	2
"  4610183d  "	8
"  4610183e  "	10
"  46101840  "	12
"  46101842  "	12
"  46101843  "	10
"  46101844  "	1
"  46101845  "	10
"  46101846  "	1
"  46101847  "	12
"  46101848  "	10
"  46101849  "	9
"  4610184a  "	6
"  4610184b  "	1
"  4610184e  "	3
"  4610184f  "	1
"  46101851  "	7
"  46101853  "	9
"  46101854  "	1
"  46101856  "	1
"  46101857  "	1
"  4610185a  "	1
"  4610185c  "	12
"  4610185d  "	12
"  4610185e  "	7
"  46101862  "	12
"  46101863  "	12
"  46101864  "	12
"  46101867  "	12
"  46101868  "	1
"  46101869  "	12
"  4610186a  "	12
"  4610186b  "	12
"  4610186c  "	9
"  4610186d  "	12
"  46101870  "	7
"  46101876  "	1
"  46101879  "	1
"  4610187e  "	1
"  46101883  "	2
"  46101884  "	1
"  46101885  "	10
"  46101888  "	9
"  46101889  "	1
"  4610188d  "	11
"  4610188e  "	12
"  4610188f  "	11
"  46101890  "	4
"  46101891  "	11
"  46101892  "	12
"  46101893  "	9
"  46101894  "	12
"  46101895  "	12
"  46101896  "	12
"  46101897  "	12
"  46101898  "	12
"  46101899  "	12
"  4610189a  "	12
"  4610189b  "	2
"  4610189c  "	2
"  4610189d  "	12
"  461018a0  "	12
"  461018a1  "	12
"  461018a2  "	12
"  461018a3  "	11
"  461018a4  "	12
"  461018a5  "	11
"  461018a6  "	5
"  461018a7  "	12
"  461018a8  "	12
"  461018a9  "	6
"  461018aa  "	12
"  461018ab  "	11
"  461018ac  "	10
"  461018ad  "	11
"  461018ae  "	3
"  461018af  "	11
"  461018b2  "	12
"  461018b3  "	11
"  461018b4  "	12
"  461018b5  "	6
"  461018b6  "	12
"  461018b7  "	12
"  461018b8  "	12
"  461018b9  "	10
"  461018ba  "	12
"  461018bb  "	12
"  461018bc  "	9
"  461018be  "	11
"  461018bf  "	12
"  461018c0  "	9
"  461018c1  "	12
"  461018c2  "	7
"  461018c3  "	12
"  461018c4  "	11
"  461018c6  "	12
"  461018c8  "	12
"  461018c9  "	2
"  461018ca  "	12
"  461018cb  "	4
"  461018cc  "	12
"  461018cd  "	12
"  461018ce  "	12
"  461018cf  "	3
"  461018d0  "	6
"  461018d1  "	11
"  461018d3  "	11
"  461018d4  "	6
"  461018d6  "	12
"  461018d7  "	11
"  461018d8  "	11
"  461018d9  "	12
"  461018da  "	9
"  461018db  "	12
"  461018dc  "	12
"  461018dd  "	12
"  461018de  "	4
"  461018df  "	11
"  461018e0  "	9
"  461018e1  "	12
"  461018e2  "	7
"  461018e3  "	11
"  461018e4  "	12
"  461018e5  "	12
"  461018e6  "	12
"  461018e7  "	12
"  461018e8  "	4
"  461018e9  "	11
"  461018eb  "	5
"  461018ec  "	11
"  461018ee  "	4
"  461018ef  "	11
"  461018f0  "	12
"  461018f2  "	3
"  461018f4  "	11
"  461018f6  "	12
"  461018f8  "	5
"  461018f9  "	11
"  461018fa  "	12
"  461018fb  "	12
"  461018fc  "	11
"  461018fd  "	6
"  46101900  "	11
"  46101901  "	12
"  46101902  "	11
"  46101903  "	10
"  46101904  "	12
"  46101905  "	9
"  46101906  "	7
"  46101907  "	8
"  46101908  "	12
"  46101909  "	9
"  4610190a  "	4
"  4610190c  "	12
"  4610190d  "	10
"  4610190f  "	4
"  46101910  "	12
"  46101911  "	12
"  46101912  "	12
"  46101914  "	8
"  46101915  "	12
"  46101916  "	7
"  46101917  "	5
"  46101918  "	11
"  46101919  "	11
"  4610191b  "	1
"  4610191d  "	12
"  4610191f  "	9
"  46101921  "	12
"  46101922  "	11
"  46101923  "	12
"  46101924  "	11
"  46101925  "	10
"  46101927  "	5
"  46101928  "	8
"  46101929  "	11
"  4610192a  "	12
"  4610192b  "	11
"  4610192c  "	10
"  4610192d  "	12
"  4610192e  "	2
"  4610192f  "	11
"  46101930  "	12
"  46101931  "	4
"  46101932  "	12
"  46101933  "	9
"  46101935  "	12
"  46101936  "	12
"  46101937  "	8
"  46101938  "	11
"  4610193a  "	11
"  4610193b  "	12
"  4610193c  "	6
"  4610193d  "	12
"  4610193e  "	10
"  4610193f  "	8
"  46101940  "	11
"  46101941  "	11
"  46101942  "	12
"  46101943  "	12
"  46101944  "	12
"  46101945  "	11
"  46101946  "	12
"  46101947  "	6
"  46101948  "	11
"  46101949  "	12
"  4610194a  "	12
"  4610194b  "	12
"  4610194c  "	11
"  4610194d  "	6
"  4610194e  "	11
"  4610194f  "	6
"  46101950  "	11
"  46101951  "	6
"  46101952  "	11
"  46101953  "	12
"  46101954  "	11
"  46101955  "	12
"  46101956  "	12
"  46101957  "	12
"  46101958  "	12
"  46101959  "	12
"  4610195a  "	12
"  4610195b  "	12
"  4610195c  "	1
"  4610195d  "	4
"  4610195e  "	12
"  4610195f  "	12
"  46101960  "	12
"  46101961  "	12
"  46101962  "	11
"  46101964  "	12
"  46101965  "	5
"  46101966  "	4
"  46101967  "	12
"  46101968  "	12
"  46101969  "	10
"  4610196a  "	12
"  4610196b  "	12
"  4610196c  "	11
"  4610196d  "	12
"  4610196e  "	12
"  4610196f  "	12
"  46101970  "	5
"  46101971  "	12
"  46101972  "	12
"  46101973  "	7
"  46101974  "	12
"  46101975  "	12
"  46101976  "	12
"  46101977  "	12
"  46101978  "	12
"  46101979  "	12
"  4610197a  "	5
"  4610197b  "	12
"  4610197c  "	12
"  4610197d  "	12
"  4610197e  "	12
"  4610197f  "	12
"  46101980  "	9
"  46101981  "	12
"  46101982  "	12
"  46101983  "	12
"  46101984  "	12
"  46101985  "	10
"  46101986  "	11
"  46101987  "	3
"  46101988  "	12
"  46101989  "	12
"  4610198a  "	8
"  4610198b  "	7
"  4610198c  "	7
"  46101992  "	10
"  46101b84  "	2
"  46101b98  "	8
"  46101bbb  "	8
"  46101bc2  "	12
"  oid  "	12
